material_id,material_name,material_type,biodegradability_score,water_resistance,recycle_time_days,manufacturing_place,moisture_resistance,material_category,product_category,strength_final,weight_capacity_final,co2_emission_final,recyclability_final,cost_per_kg_final,cost_per_unit_final
1,Recycled cardboard / paperboard,Fiber-based (cellulosic),85.0,,,,,,,3.0,3.0,70.0,75.0,,
2,Molded pulp (recycled paper fiber),Fiber-based (cellulosic),85.0,,,,,,,3.0,3.0,70.0,70.0,,
3,"Kraft paper wraps, paper padding",Fiber-based,90.0,,,,,,,2.0,2.0,70.0,70.0,,
4,Starch-based foams/peanuts,Bio-based polymer (starch),95.0,,,,,,,2.0,3.0,85.0,30.0,,
5,Mycelium-based molded packaging,Bio-based composite,95.0,,,,,,,3.0,3.0,90.0,20.0,,
6,"Bagasse, wheat-straw, other agri fibers",Fiber-based from agro-residues,90.0,,,,,,,3.0,3.0,85.0,60.0,,
7,"PLA bioplastic (films, rigid)",Bio-based polyester,70.0,,,,,,,3.0,4.0,60.0,30.0,,
8,"Other compostable bioplastics (PHA, PBS)",Bio-based polyesters,85.0,,,,,,,3.0,3.0,75.0,25.0,,
9,Cellulose / seaweed bio-films,Bio-based polymer films,95.0,,,,,,,2.0,2.0,90.0,25.0,,
10,"PCR PET (bottles, trays)",Recycled fossil plastic,0.0,,,,,,,4.0,4.0,55.0,60.0,,
11,PCR HDPE/LDPE,Recycled fossil plastic,0.0,,,,,,,4.0,4.0,55.0,55.0,,
12,"Glass (bottles, jars, vials)",Inorganic (silicate),0.0,,,,,,,4.0,3.0,50.0,80.0,,
13,Aluminium cans / tins,Metal (aluminium),0.0,,,,,,,5.0,5.0,55.0,85.0,,
14,"Bamboo (components, shells)",Lignocellulosic (wood-like),90.0,,,,,,,4.0,4.0,90.0,50.0,,
15,"Cork, wood, wood-composites",Lignocellulosic,90.0,,,,,,,4.0,4.0,85.0,60.0,,
16,Cotton/jute textile bags,Natural fiber,90.0,,,,,,,3.0,3.0,60.0,40.0,,
17,Hemp fiber molded packaging,Natural fiber,92.0,,,,,,,4.0,4.0,88.0,55.0,,
18,Sugarcane bagasse sheets,Agro-waste fiber,88.0,,,,,,,3.0,3.0,82.0,65.0,,
19,Rice husk composites,Agro-waste composite,85.0,,,,,,,3.0,3.0,85.0,50.0,,
20,Chitin/chitosan films (mushroom/shell),Bio-based polysaccharide,90.0,,,,,,,2.0,2.0,88.0,30.0,,
21,Recycled steel tins,Metal (steel),0.0,,,,,,,5.0,5.0,60.0,90.0,,
22,PCR PP (polypropylene) trays,Recycled fossil plastic,0.0,,,,,,,4.0,4.0,58.0,50.0,,
23,Beeswax-coated paper,Bio-based coated fiber,85.0,,,,,,,2.0,2.0,80.0,45.0,,
24,Seaweed-based rigid trays,Bio-based polysaccharide,95.0,,,,,,,3.0,3.0,92.0,25.0,,
25,Newspaper honeycomb inserts,Recycled fiber composite,88.0,,,,,,,3.0,4.0,75.0,70.0,,
26,Algae-based plastics,Bio-based (algae),95.0,,,,,,,3.0,3.0,95.0,20.0,,
27,Cellophane films,Regenerated cellulose,95.0,,,,,,,2.0,2.0,85.0,40.0,,
28,Cornstarch-based bioplastic trays,Bio-based starch,90.0,,,,,,,3.0,3.0,70.0,25.0,,
29,Coconut coir padding,Natural fiber (coir),92.0,,,,,,,3.0,3.0,88.0,50.0,,
30,Palm leaf trays,Lignocellulosic (palm),95.0,,,,,,,3.0,2.0,90.0,30.0,,
31,Banana fiber composites,Agro-waste fiber,90.0,,,,,,,3.0,3.0,85.0,45.0,,
32,Cassava starch foams,Bio-based starch,95.0,,,,,,,2.0,3.0,82.0,20.0,,
33,Beet pulp molded pulp,Agro-waste fiber,88.0,,,,,,,3.0,3.0,80.0,55.0,,
34,Carrot pulp trays,Agro-waste composite,90.0,,,,,,,2.0,2.0,85.0,40.0,,
35,Tapioca-based films,Bio-based starch,95.0,,,,,,,2.0,2.0,78.0,25.0,,
36,Corn cob fillers,Agro-waste particle,92.0,,,,,,,2.0,3.0,88.0,60.0,,
37,Peanut shell composites,Agro-waste composite,85.0,,,,,,,3.0,3.0,85.0,50.0,,
38,Sorghum stalk padding,Lignocellulosic,90.0,,,,,,,2.0,2.0,87.0,55.0,,
39,Flax fiber bags,Natural fiber,92.0,,,,,,,4.0,4.0,90.0,60.0,,
40,Sisal fiber wraps,Natural fiber,90.0,,,,,,,3.0,3.0,85.0,50.0,,
41,Abaca (manila hemp) sheets,Natural fiber,88.0,,,,,,,4.0,4.0,82.0,55.0,,
42,Kapok fiber cushions,Natural fiber,95.0,,,,,,,2.0,3.0,92.0,30.0,,
43,Pineapple leaf fibers (piña),Agro-waste fiber,90.0,,,,,,,3.0,3.0,88.0,45.0,,
44,Coffee husk composites,Agro-waste composite,85.0,,,,,,,3.0,3.0,85.0,50.0,,
45,Olive stone fillers,Agro-waste particle,88.0,,,,,,,3.0,4.0,82.0,55.0,,
46,Date palm composites,Lignocellulosic,90.0,,,,,,,4.0,4.0,87.0,60.0,,
47,Avocado seed bioplastics,Bio-based composite,92.0,,,,,,,2.0,2.0,90.0,25.0,,
48,Mushroom root (mycelium variants),Bio-based composite,95.0,,,,,,,3.0,3.0,92.0,20.0,,
49,Agar-agar films (seaweed binder),Bio-based polysaccharide,95.0,,,,,,,2.0,2.0,93.0,25.0,,
50,Wheat bran sheets,Agro-waste fiber,90.0,,,,,,,2.0,2.0,80.0,65.0,,
51,Barley straw pulp,Fiber-based (cellulosic),88.0,,,,,,,3.0,3.0,78.0,70.0,,
52,Maize cob composites,Agro-waste composite,90.0,,,,,,,3.0,3.0,85.0,55.0,,
53,Potato starch foams,Bio-based starch,95.0,,,,,,,2.0,3.0,80.0,25.0,,
54,Sugarcane pulp trays,Agro-waste fiber,88.0,,,,,,,3.0,3.0,82.0,65.0,,
55,Apple pomace films,Agro-waste composite,92.0,,,,,,,2.0,2.0,88.0,40.0,,
56,Bamboo leaf sheets,Lignocellulosic,90.0,,,,,,,3.0,3.0,90.0,50.0,,
57,Reed fiber padding,Natural fiber,88.0,,,,,,,3.0,3.0,85.0,60.0,,
58,Esparto grass composites,Lignocellulosic,85.0,,,,,,,3.0,3.0,82.0,55.0,,
59,Typha (cattail) fiber,Natural fiber,92.0,,,,,,,2.0,2.0,88.0,45.0,,
60,Kenaf fiber molded,Natural fiber,90.0,,,,,,,4.0,4.0,87.0,60.0,,
61,Ramie fiber bags,Natural fiber,88.0,,,,,,,4.0,4.0,85.0,55.0,,
62,Coir pith blocks,Natural fiber (coir),95.0,,,,,,,3.0,4.0,90.0,50.0,,
63,Areca palm leaf plates,Lignocellulosic,95.0,,,,,,,3.0,2.0,92.0,30.0,,
64,Sal leaf plates,Lignocellulosic,95.0,,,,,,,3.0,2.0,90.0,35.0,,
65,Sago palm starch films,Bio-based starch,95.0,,,,,,,2.0,2.0,80.0,25.0,,
66,Jackfruit seed bioplastics,Bio-based composite,90.0,,,,,,,2.0,2.0,88.0,30.0,,
67,Durian rind composites,Agro-waste composite,88.0,,,,,,,3.0,3.0,85.0,45.0,,
68,Mango seed coatings,Bio-based polymer,92.0,,,,,,,2.0,2.0,87.0,40.0,,
69,Papaya leaf fibers,Agro-waste fiber,90.0,,,,,,,2.0,2.0,85.0,50.0,,
70,Guava pomace fillers,Agro-waste particle,88.0,,,,,,,2.0,3.0,82.0,55.0,,
71,Lentil hull composites,Agro-waste composite,85.0,,,,,,,3.0,3.0,80.0,60.0,,
72,Chickpea straw pulp,Fiber-based,90.0,,,,,,,3.0,3.0,85.0,65.0,,
73,Soybean hull sheets,Agro-waste fiber,88.0,,,,,,,3.0,3.0,82.0,55.0,,
74,Alginate films (brown algae),Bio-based polysaccharide,95.0,,,,,,,2.0,2.0,93.0,25.0,,
75,Carrageenan wraps (red algae),Bio-based polysaccharide,95.0,,,,,,,2.0,2.0,92.0,25.0,,
76,Fucoidan-based trays,Bio-based polysaccharide,94.0,,,,,,,3.0,3.0,91.0,25.0,,
77,Pectin films (fruit-derived),Bio-based polysaccharide,92.0,,,,,,,2.0,2.0,88.0,30.0,,
78,Bacterial cellulose sheets,Bio-based (microbial),95.0,,,,,,,4.0,3.0,90.0,20.0,,
79,Pullulan films (fungal),Bio-based polysaccharide,95.0,,,,,,,2.0,2.0,92.0,25.0,,
80,Xanthan gum coatings,Bio-based polysaccharide,90.0,,,,,,,2.0,2.0,88.0,30.0,,
81,Guar gum composites,Bio-based polysaccharide,92.0,,,,,,,2.0,3.0,87.0,35.0,,
82,Orange peel composites,Agro-waste composite,92.0,,,,,,,2.0,2.0,88.0,40.0,,
83,Lemon peel films,Agro-waste polymer,90.0,,,,,,,2.0,2.0,87.0,35.0,,
84,Pomegranate rind trays,Agro-waste composite,88.0,,,,,,,3.0,3.0,85.0,45.0,,
85,Grape pomace fillers,Agro-waste particle,90.0,,,,,,,2.0,3.0,86.0,50.0,,
86,Tomato skin sheets,Agro-waste fiber,92.0,,,,,,,2.0,2.0,88.0,40.0,,
87,Onion peel composites,Agro-waste composite,85.0,,,,,,,3.0,3.0,82.0,55.0,,
88,Garlic husk padding,Agro-waste particle,88.0,,,,,,,2.0,2.0,85.0,50.0,,
89,Eggshell calcium composites,Bio-mineral composite,85.0,,,,,,,4.0,4.0,80.0,60.0,,
90,Crab shell chitin films,Bio-based polysaccharide,90.0,,,,,,,3.0,3.0,88.0,30.0,,
91,Shrimp shell chitosan trays,Bio-based polysaccharide,92.0,,,,,,,3.0,3.0,89.0,30.0,,
92,Fish scale bioplastics,Bio-based composite,85.0,,,,,,,3.0,3.0,85.0,25.0,,
93,Feather keratin foams,Bio-based protein,90.0,,,,,,,2.0,2.0,87.0,20.0,,
94,Wool fiber padding,Natural fiber (animal),85.0,,,,,,,3.0,3.0,75.0,70.0,,
95,Silk cocoons composites,Natural fiber (protein),80.0,,,,,,,3.0,3.0,80.0,40.0,,
96,Casein (milk protein) films,Bio-based protein,90.0,,,,,,,2.0,2.0,82.0,25.0,,
97,Gelatin-based wraps,Bio-based protein,95.0,,,,,,,2.0,2.0,85.0,20.0,,
98,Collagen sheets,Bio-based protein,92.0,,,,,,,3.0,3.0,88.0,30.0,,
99,Lignin foams (wood extract),Bio-based polymer,85.0,,,,,,,3.0,3.0,90.0,40.0,,
100,Hemicellulose films,Bio-based polysaccharide,90.0,,,,,,,2.0,2.0,88.0,35.0,,
101,Glucomannan noodles/padding,Bio-based polysaccharide,95.0,,,,,,,2.0,3.0,87.0,25.0,,
102,Locust bean gum trays,Bio-based polysaccharide,92.0,,,,,,,2.0,2.0,86.0,30.0,,
103,Konjac glucomannan films,Bio-based polysaccharide,95.0,,,,,,,2.0,2.0,88.0,25.0,,
104,Fungal keratinase composites,Bio-based composite,95.0,,,,,,,3.0,3.0,92.0,20.0,,
105,Bacterial nanocellulose foams,Bio-based (microbial),95.0,,,,,,,4.0,4.0,90.0,20.0,,
106,PHA from bacteria (films),Bio-based polyester,95.0,,,,,,,3.0,3.0,85.0,25.0,,
107,PHB bottles/trays,Bio-based polyester,90.0,,,,,,,4.0,4.0,80.0,30.0,,
108,Polyhydroxybutyrate composites,Bio-based polyester,92.0,,,,,,,4.0,4.0,82.0,30.0,,
109,Spider silk-inspired synthetics,Bio-based protein mimic,85.0,,,,,,,5.0,4.0,88.0,40.0,,
110,Nettle fiber bags,Natural fiber,90.0,,,,,,,4.0,4.0,87.0,55.0,,
111,Willow bark composites,Lignocellulosic,88.0,,,,,,,3.0,3.0,85.0,60.0,,
1,,Corrugated Cardboard,85.0,0.0,90.0,India,,,,7.0,12.0,2.1,90.0,,18.0
2,,Molded Pulp,92.0,0.0,60.0,India,,,,6.0,8.0,1.8,88.0,,15.0
3,,Biodegradable Plastic,65.0,1.0,180.0,China,,,,8.0,15.0,3.9,60.0,,28.0
4,,Kraft Paper,88.0,0.0,75.0,India,,,,5.0,6.0,2.0,85.0,,12.0
5,,Bamboo Fiber,95.0,1.0,120.0,Vietnam,,,,9.0,18.0,1.6,92.0,,35.0
6,,Mushroom Packaging,98.0,0.0,30.0,USA,,,,6.0,7.0,1.2,96.0,,40.0
7,,Recycled Paperboard,82.0,0.0,100.0,India,,,,7.0,10.0,2.3,89.0,,20.0
8,,PLA Plastic,70.0,1.0,160.0,Germany,,,,8.0,14.0,3.4,65.0,,30.0
9,,Cornstarch Packaging,90.0,0.0,110.0,India,,,,6.0,9.0,2.5,80.0,,22.0
10,,Sugarcane Bagasse,93.0,0.0,85.0,India,,,,7.0,11.0,1.9,91.0,,26.0
11,,Recycled PET,55.0,1.0,300.0,China,,,,9.0,20.0,4.8,75.0,,45.0
12,,Hemp Fiber,94.0,1.0,140.0,Nepal,,,,8.0,16.0,1.7,90.0,,38.0
13,,Jute Packaging,91.0,0.0,130.0,India,,,,7.0,14.0,2.2,88.0,,24.0
14,,Palm Leaf Packaging,96.0,0.0,50.0,India,,,,6.0,8.0,1.5,93.0,,19.0
15,,Seaweed Packaging,99.0,0.0,20.0,Indonesia,,,,5.0,6.0,1.1,97.0,,42.0
16,,Recycled Carton,80.0,0.0,95.0,India,,,,7.0,10.0,2.6,87.0,,21.0
17,,Paper Foam,86.0,0.0,100.0,India,,,,6.0,9.0,2.4,84.0,,23.0
18,,Bio-Composite,72.0,1.0,210.0,Japan,,,,9.0,22.0,3.8,70.0,,55.0
19,,Wood Wool,89.0,0.0,120.0,India,,,,6.0,8.0,2.1,85.0,,27.0
20,,Coconut Husk,94.0,0.0,90.0,India,,,,7.0,12.0,1.8,92.0,,29.0
21,,Recycled Molded Fiber,87.0,0.0,80.0,India,,,,8.0,13.0,2.0,90.0,,31.0
22,,Wheat Straw Packaging,95.0,0.0,60.0,India,,,,6.0,7.0,1.4,94.0,,18.0
23,,Banana Fiber,93.0,0.0,100.0,India,,,,7.0,11.0,1.9,91.0,,26.0
24,,Rice Husk Packaging,92.0,0.0,90.0,India,,,,6.0,9.0,2.0,89.0,,24.0
25,,Areca Leaf Packaging,97.0,0.0,40.0,India,,,,5.0,6.0,1.3,95.0,,17.0
26,,Paper Honeycomb,84.0,0.0,110.0,India,,,,8.0,17.0,2.7,88.0,,34.0
27,,Bagasse Foam,94.0,0.0,70.0,India,,,,7.0,13.0,1.8,92.0,,32.0
28,,Bio-Foam Sheet,78.0,1.0,150.0,Germany,,,,6.0,10.0,3.0,82.0,,28.0
29,,Recycled Kraft Board,83.0,0.0,120.0,India,,,,7.0,14.0,2.4,89.0,,27.0
30,,Natural Fiber Blend,90.0,1.0,140.0,India,,,,8.0,16.0,2.2,88.0,,36.0
31,,Agro Waste Composite,88.0,1.0,190.0,India,,,,9.0,21.0,2.9,86.0,,48.0
32,,Cellulose Fiber Mold,96.0,0.0,55.0,India,,,,6.0,8.0,1.6,93.0,,22.0
33,,Recycled Paper Foam,85.0,0.0,95.0,India,,,,7.0,11.0,2.5,90.0,,25.0
34,,Starch-Based Film,91.0,1.0,170.0,Thailand,,,,5.0,6.0,2.8,84.0,,20.0
35,,Natural Leaf Composite,97.0,0.0,65.0,India,,,,6.0,9.0,1.7,95.0,,28.0
,Corrugated Cardboard,Paper-based,0.85,,,,0.15,,,0.7,25.0,0.84,93.0,125.0,
,Honeycomb Cardboard,Paper-based,0.85,,,,0.12,,,0.82,50.0,0.75,90.0,185.0,
,Kraft Paper,Paper-based,0.9,,,,0.1,,,0.55,15.0,0.95,85.0,100.0,
,Molded Pulp,Paper-based,0.95,,,,0.25,,,0.6,20.0,0.7,82.0,150.0,
,Paperboard,Paper-based,0.88,,,,0.18,,,0.58,18.0,0.85,88.0,115.0,
,Glassine Paper,Paper-based,0.75,,,,0.45,,,0.42,8.0,0.9,75.0,230.0,
,Recycled PET (rPET),Plastic-based,0.02,,,,0.95,,,0.85,35.0,0.62,75.0,150.0,
,PLA Bioplastic,Plastic-based,0.45,,,,0.6,,,0.65,20.0,1.2,45.0,375.0,
,PHA Bioplastic,Plastic-based,0.9,,,,0.55,,,0.58,18.0,1.7,30.0,540.0,
,PBAT Compostable,Plastic-based,0.7,,,,0.5,,,0.52,15.0,2.1,25.0,430.0,
,Cellophane,Plastic-based,0.85,,,,0.4,,,0.45,10.0,1.4,40.0,330.0,
,EPS (Expanded Polystyrene),Foam-based,0.02,,,,0.92,,,0.62,30.0,3.4,35.0,210.0,
,Mushroom Foam (Mycelium),Foam-based,0.98,,,,0.2,,,0.5,15.0,0.2,20.0,455.0,
,Cornstarch Peanuts,Foam-based,0.99,,,,0.05,,,0.3,5.0,1.5,15.0,315.0,
,Paper Bubble Wrap,Foam-based,0.88,,,,0.12,,,0.4,10.0,0.8,80.0,200.0,
,Air Pillows (HDPE),Plastic-based,0.03,,,,0.9,,,0.45,8.0,2.5,50.0,160.0,
,Jute Fiber,Fiber/Fabric,0.8,,,,0.15,,,0.75,25.0,0.5,65.0,85.0,
,Hemp Packaging,Fiber/Fabric,0.92,,,,0.18,,,0.82,30.0,0.45,60.0,415.0,
,Cotton Cushioning,Fiber/Fabric,0.85,,,,0.08,,,0.48,12.0,1.8,70.0,265.0,
,Coconut Coir,Fiber/Fabric,0.75,,,,0.35,,,0.65,20.0,0.35,55.0,75.0,
,Seaweed Film,Organic,0.99,,,,0.08,,,0.35,5.0,0.8,0.0,665.0,
,Bamboo Fiber,Organic,0.65,,,,0.3,,,0.72,25.0,0.65,70.0,200.0,
,Bagasse (Sugarcane),Organic,0.95,,,,0.32,,,0.62,18.0,0.55,60.0,95.0,
,Palm Leaf,Organic,0.9,,,,0.38,,,0.55,12.0,0.4,20.0,110.0,
,Wheat Straw,Organic,0.95,,,,0.12,,,0.52,15.0,0.5,45.0,70.0,
MAT001,,HDPE Plastic,0.0,,,,,Plastic,,26.0,0.95,1.9,90.0,105.0,
MAT002,,LDPE Plastic,0.0,,,,,Plastic,,12.0,0.92,2.0,70.0,110.0,
MAT003,,LLDPE Plastic,0.0,,,,,Plastic,,20.0,0.92,2.0,70.0,112.0,
MAT004,,PET Plastic,0.0,,,,,Plastic,,55.0,1.38,2.4,85.0,115.0,
MAT005,,PP Plastic,0.0,,,,,Plastic,,35.0,0.91,1.8,80.0,102.0,
MAT006,,PVC Plastic,0.0,,,,,Plastic,,45.0,1.4,2.7,60.0,125.0,
MAT007,,Polystyrene (PS),0.0,,,,,Plastic,,45.0,1.05,3.0,55.0,120.0,
MAT008,,Expanded Polystyrene (EPS),0.0,,,,,Plastic,,1.0,0.03,3.2,30.0,140.0,
MAT009,,Corrugated Cardboard,1.0,,,,,Paper,,5.0,0.69,0.9,85.0,45.0,
MAT010,,Paperboard (Folding Carton),1.0,,,,,Paper,,4.0,0.8,1.0,80.0,50.0,
MAT011,,Kraft Paper (Unbleached),1.0,,,,,Paper,,6.0,0.65,0.8,85.0,48.0,
MAT012,,Molded Pulp,1.0,,,,,Paper,,3.0,0.6,0.7,75.0,55.0,
MAT013,,Glass (Soda-Lime),0.0,,,,,Glass,,70.0,2.5,1.2,100.0,22.0,
MAT014,,Aluminum (Primary),0.0,,,,,Metal,,95.0,2.7,11.7,95.0,255.0,
MAT015,,Steel (Carbon Steel),0.0,,,,,Metal,,250.0,7.85,2.1,98.0,68.0,
MAT016,,PLA Bioplastic,1.0,,,,,Biopolymer,,60.0,1.24,1.6,70.0,320.0,
MAT017,,PHA Bioplastic,1.0,,,,,Biopolymer,,40.0,1.25,1.8,65.0,420.0,
MAT018,,Cellulose Film,1.0,,,,,Biopolymer,,80.0,1.5,1.4,60.0,280.0,
MAT019,,Starch-based Film Blend,1.0,,,,,Biopolymer,,15.0,1.3,1.2,50.0,240.0,
MAT020,,Jute Fiber,1.0,,,,,Natural Fiber,,400.0,1.3,0.4,60.0,35.0,
MAT021,,Bamboo Fiber,1.0,,,,,Natural Fiber,,500.0,1.1,0.3,70.0,40.0,
MAT022,,Cotton Fiber,1.0,,,,,Natural Fiber,,400.0,1.54,0.5,65.0,55.0,
1,,Recycled Paper,0.2987551867219916,,,,,,Cosmetics,0.4074074074074075,0.2452047693105236,0.6047120418848169,0.2394624312767256,,1.0
2,,Plant Fiber,0.54149377593361,,,,,,Furniture,0.9526748971193418,0.2187662001036807,0.3115183246073298,0.3223376094481776,,0.1726055092241596
3,,Biodegradable Plastic,0.3215767634854771,,,,,,Furniture,0.7489711934156381,0.1404872991187143,0.643979057591623,0.4284259824882915,,0.0128885519332827
4,,Plant Fiber,0.8423236514522822,,,,,,Furniture,0.3353909465020576,0.192846034214619,0.3612565445026178,0.2443494196701282,,0.4940611574425069
5,,Plant Fiber,0.2655601659751038,,,,,,Furniture,0.5864197530864198,0.5443234836702955,0.6727748691099477,0.3986968030950927,,0.1753853929744755
6,,Molded Pulp,0.9854771784232365,,,,,,Food,0.5349794238683128,0.3846552617936755,0.3141361256544502,0.5679087762166563,,0.365175638109679
7,,Biodegradable Plastic,0.45850622406639,,,,,,Food,0.9897119341563788,0.0331778123379989,0.2303664921465968,0.7405823661168803,,0.7470305787212536
8,,Biodegradable Plastic,0.8568464730290457,,,,,,Cosmetics,0.8683127572016464,0.2291342664593053,0.4764397905759162,0.7672571777642027,,0.7235279251958555
9,,Biodegradable Plastic,0.1846473029045642,,,,,,Electronics,0.7695473251028808,0.221876620010368,0.6832460732984293,0.8238647933211157,,0.3060399292393227
10,,Plant Fiber,0.4107883817427384,,,,,,Furniture,0.5555555555555557,0.6879212026956972,0.3219895287958115,0.7438403583791486,,0.5430881981298964
11,,Recycled Paper,0.7095435684647302,,,,,,Electronics,0.602880658436214,0.7045101088646968,0.9397905759162304,0.6794950111993483,,0.5089714430123832
12,,Biodegradable Plastic,0.1265560165975104,,,,,,Electronics,0.9938271604938272,0.1192327630896837,0.0,0.2280594583587864,,0.637856962345211
13,,Starch-based Plastic,0.1203319502074688,,,,,,Cosmetics,0.625514403292181,1.0,0.3952879581151832,0.3936061901852983,,0.247915087187263
14,,Plant Fiber,0.9896265560165972,,,,,,Furniture,0.2839506172839506,0.2426127527216174,0.9712041884816752,0.4726125025453064,,0.590851655294415
15,,Molded Pulp,0.7240663900414938,,,,,,Furniture,0.3045267489711935,0.9782270606531884,0.5314136125654451,0.0704540826715536,,0.9843315643164012
16,,Recycled Paper,0.0269709543568464,,,,,,Clothing,0.1707818930041152,0.3919129082426128,0.400523560209424,0.5241295051924252,,0.4867323730098559
17,,Starch-based Plastic,0.3962655601659751,,,,,,Electronics,0.0164609053497942,0.0,0.5523560209424084,0.4304622276522091,,0.910538286580743
18,,Starch-based Plastic,0.433609958506224,,,,,,Electronics,0.4362139917695474,0.3234836702954899,0.5602094240837695,0.802891468132763,,0.4339145817538539
19,,Molded Pulp,0.7551867219917013,,,,,,Food,0.4053497942386831,0.6236391912908243,0.7251308900523561,0.9818774180411322,,0.3484963356077836
20,,Recycled Paper,0.2427385892116182,,,,,,Clothing,0.3024691358024691,0.6713322965266978,0.0916230366492146,0.5522296884544898,,0.646702047005307
21,,Plant Fiber,0.1742738589211618,,,,,,Food,0.01440329218107,0.5163297045101088,0.2198952879581152,0.31459987782529,,0.6709628506444275
22,,Corrugated Cardboard,0.0663900414937759,,,,,,Food,0.2037037037037037,0.4302747537584241,0.5654450261780105,0.0303400529423743,,0.8683345969168562
23,,Recycled Paper,0.4273858921161824,,,,,,Food,0.7325102880658438,0.5391394504924831,0.8664921465968585,0.9275096721645286,,0.2274450341167551
24,,Molded Pulp,0.6970954356846472,,,,,,Cosmetics,0.8127572016460904,0.5800933125972008,0.5471204188481674,0.9220118102219504,,0.4993682082385645
25,,Starch-based Plastic,0.0435684647302904,,,,,,Cosmetics,0.6234567901234568,0.0497667185069984,0.206806282722513,0.2437385461209529,,0.5729087692696487
26,,Plant Fiber,0.933609958506224,,,,,,Food,0.9526748971193418,0.3488854328667704,0.6701570680628273,0.694155976379556,,0.7715440990649483
27,,Recycled Paper,0.441908713692946,,,,,,Clothing,0.6707818930041153,0.2166925868325557,0.7329842931937172,0.0629199755650581,,0.0386656557998483
28,,Corrugated Cardboard,0.2323651452282157,,,,,,Electronics,0.940329218106996,0.7983411093831,0.206806282722513,0.1553655060069232,,1.0
29,,Corrugated Cardboard,0.0809128630705393,,,,,,Clothing,0.874485596707819,0.4536029030585796,0.3534031413612565,0.206882508654042,,0.4698003538033864
30,,Biodegradable Plastic,0.1721991701244813,,,,,,Furniture,0.462962962962963,0.9854847071021255,0.518324607329843,0.28588882101405,,0.277230224917867
31,,Biodegradable Plastic,0.9522821576763484,,,,,,Cosmetics,0.0987654320987655,0.3794712286158632,0.4790575916230367,1.0,,0.8877937831690675
32,,Molded Pulp,0.6452282157676347,,,,,,Electronics,0.3806584362139917,0.8123379989631933,0.3664921465968586,0.69578497251069,,0.7505686125852917
33,,Recycled Paper,0.5186721991701244,,,,,,Electronics,0.6872427983539096,0.7936754795230689,0.2696335078534031,0.3773162288739562,,0.9580490270406872
34,,Recycled Paper,0.6659751037344396,,,,,,Furniture,0.6851851851851852,0.1218247796785899,0.06282722513089,0.7367135003054367,,0.3290371493555724
35,,Starch-based Plastic,0.4356846473029044,,,,,,Furniture,0.609053497942387,0.4924831518921721,0.0130890052356021,0.9179393198941151,,0.5534495830174374
36,,Starch-based Plastic,0.7406639004149378,,,,,,Food,0.2818930041152264,0.6874027993779162,0.9607329842931936,0.9623294644675218,,0.5731614859742229
37,,Starch-based Plastic,0.0331950207468879,,,,,,Cosmetics,0.5781893004115226,0.8558838776568172,0.8455497382198951,0.0450010181225819,,0.9855951478392722
38,,Biodegradable Plastic,0.5705394190871369,,,,,,Cosmetics,0.3930041152263375,0.303784344219803,0.3298429319371727,0.3879047037263287,,0.0707606772807682
39,,Recycled Paper,0.1473029045643153,,,,,,Clothing,1.0,0.1938828408501814,0.9607329842931936,0.0948890246385665,,0.3037654788981551
40,,Recycled Paper,0.1078838174273858,,,,,,Food,0.8724279835390948,0.702954898911353,0.6675392670157068,0.3278354713907554,,0.18776851149861
41,,Corrugated Cardboard,0.3381742738589211,,,,,,Food,0.742798353909465,0.8050803525142561,0.4633507853403141,0.1588271227855833,,0.2661106899166034
42,,Biodegradable Plastic,0.0788381742738588,,,,,,Food,0.242798353909465,0.3271124935199586,0.4738219895287958,0.6446752188963552,,0.4852160727824109
43,,Plant Fiber,0.0809128630705393,,,,,,Food,0.2633744855967079,0.0653188180404354,0.0445026178010471,0.3813887192017918,,0.3714935557240333
44,,Biodegradable Plastic,0.3070539419087136,,,,,,Cosmetics,0.0411522633744856,0.9409020217729394,0.0549738219895288,0.2197108531867236,,0.3937326257265605
45,,Plant Fiber,1.0,,,,,,Cosmetics,0.7304526748971196,0.3779160186625194,0.5890052356020942,0.2569741396864181,,0.8481172605509225
46,,Corrugated Cardboard,0.1659751037344398,,,,,,Food,0.1131687242798353,0.5028512182477968,0.5366492146596857,0.3530849114233352,,0.9347990902198636
47,,Molded Pulp,0.0020746887966804,,,,,,Clothing,0.4526748971193416,0.8341109383100053,0.1806282722513089,0.250865404194665,,0.0659590598938589
48,,Recycled Paper,0.7759336099585062,,,,,,Electronics,0.2078189300411522,0.6661482633488855,0.9476439790575916,0.4475666870291181,,0.2059641142279504
49,,Corrugated Cardboard,0.8195020746887964,,,,,,Electronics,0.9218106995884776,0.7278382581648523,0.7774869109947643,0.0191407045408266,,0.6732373009855952
50,,Recycled Paper,0.3423236514522822,,,,,,Clothing,0.4897119341563786,0.1824779678589942,0.0759162303664921,0.2710242313174506,,0.3573414202678797
51,,Starch-based Plastic,0.4647302904564315,,,,,,Food,0.580246913580247,0.5272161741835147,0.931937172774869,0.4048055385868458,,0.2517058377558757
52,,Molded Pulp,0.6576763485477178,,,,,,Cosmetics,0.7160493827160496,0.6874027993779162,0.9790575916230366,0.5998778252901649,,0.2931513773060398
53,,Molded Pulp,0.0331950207468879,,,,,,Electronics,0.1440329218106996,0.2026956972524624,1.0,0.2620647525962125,,0.3206974981046246
54,,Corrugated Cardboard,0.9688796680497924,,,,,,Furniture,0.6213991769547325,0.1472265422498704,0.0157068062827225,0.1217674608022805,,0.8526661612332576
55,,Molded Pulp,0.9024896265560164,,,,,,Furniture,0.5555555555555557,0.983929497148782,0.7303664921465968,0.0637344736306251,,0.1326762699014405
56,,Plant Fiber,0.2531120331950207,,,,,,Clothing,0.2098765432098764,0.5012960082944531,0.5287958115183247,0.9437996334758704,,0.7113975233762951
57,,Molded Pulp,0.0,,,,,,Food,0.969135802469136,0.2363919129082426,0.6963350785340314,0.4103034005294236,,0.5534495830174374
58,,Recycled Paper,0.9522821576763484,,,,,,Electronics,0.6152263374485598,0.9989631933644376,0.9712041884816752,0.5778863775198534,,0.2944149608289108
59,,Recycled Paper,0.5041493775933609,,,,,,Food,0.7139917695473254,0.966822187662001,0.6780104712041884,0.9220118102219504,,0.4190042961839777
60,,Recycled Paper,0.5435684647302904,,,,,,Electronics,0.9053497942386832,0.5448418869880768,0.8350785340314134,0.0704540826715536,,0.253727571392469
61,,Recycled Paper,0.6929460580912863,,,,,,Clothing,0.6419753086419753,0.8807672369103162,0.8664921465968585,0.8786397882305028,,0.6128380085923679
62,,Plant Fiber,0.6224066390041494,,,,,,Clothing,0.3045267489711935,0.1612234318299636,0.8350785340314134,0.5477499490938708,,0.0770785948951225
63,,Biodegradable Plastic,0.9626556016597512,,,,,,Furniture,0.1090534979423868,0.255054432348367,0.4031413612565445,0.1539401343921808,,0.0
64,,Starch-based Plastic,0.9626556016597512,,,,,,Food,0.4691358024691359,0.6920684292379472,0.1910994764397905,0.4048055385868458,,0.6295173110942632
65,,Corrugated Cardboard,0.883817427385892,,,,,,Furniture,0.2242798353909465,0.8434421980300674,0.3743455497382199,0.7778456526165749,,0.1910538286580742
66,,Recycled Paper,0.6431535269709543,,,,,,Food,0.4279835390946502,0.8538102643856921,0.8926701570680629,0.4752596212583994,,0.0664644933030073
67,,Molded Pulp,0.8132780082987551,,,,,,Furniture,0.9094650205761318,0.3851736651114567,0.112565445026178,0.989207900631236,,0.3957543593631539
68,,Recycled Paper,0.6867219917012449,,,,,,Cosmetics,0.3333333333333333,0.8864696734059099,0.4947643979057591,0.3697821217674608,,0.0459944402324993
69,,Molded Pulp,0.5788381742738589,,,,,,Cosmetics,0.1255144032921811,0.8481078278900985,0.2015706806282722,0.7493382203217267,,0.8908263836239575
70,,Starch-based Plastic,0.1161825726141077,,,,,,Cosmetics,0.3662551440329219,0.9357179885951272,0.5680628272251308,0.3862757075951945,,0.0224917867071013
71,,Starch-based Plastic,0.8257261410788382,,,,,,Cosmetics,0.9320987654320988,0.780196993260757,0.8612565445026178,0.8303807778456523,,0.5797321202931514
72,,Starch-based Plastic,0.83402489626556,,,,,,Electronics,0.2798353909465021,0.6594090202177294,0.8795811518324606,0.5654652820199552,,0.4379580490270406
73,,Molded Pulp,0.632780082987552,,,,,,Cosmetics,0.6666666666666667,0.567651632970451,0.206806282722513,0.0509061290979433,,0.6739954510993177
74,,Recycled Paper,0.83402489626556,,,,,,Clothing,0.0,0.3519958527734577,0.9083769633507852,0.0236204439014458,,0.3265099823098306
75,,Starch-based Plastic,0.6597510373443982,,,,,,Clothing,0.3621399176954732,0.9403836184551582,0.5785340314136125,0.1223783343514558,,0.1513773060399292
76,,Plant Fiber,0.1970954356846473,,,,,,Electronics,0.3127572016460905,0.9751166407465008,0.3246073298429319,0.0,,0.9871114480667172
77,,Molded Pulp,0.2676348547717842,,,,,,Cosmetics,0.168724279835391,0.2602384655261793,0.6989528795811517,0.0629199755650581,,0.8428102097548649
78,,Molded Pulp,0.2053941908713693,,,,,,Cosmetics,0.5493827160493827,0.2825298081907724,0.4633507853403141,0.6904907350845042,,0.8645438463482437
79,,Recycled Paper,0.37551867219917,,,,,,Cosmetics,0.4979423868312758,0.4691550025920166,0.3534031413612565,0.5302382406841782,,0.2476623704826889
80,,Molded Pulp,0.0228215767634855,,,,,,Furniture,0.7119341563786011,0.4307931570762053,0.6963350785340314,0.7497454693545101,,0.033864038412939
1,,Corrugated Cardboard,85.0,0.0,90.0,India,,,,7.0,12.0,2.1,90.0,,18.0
2,,Molded Pulp,92.0,0.0,60.0,India,,,,6.0,8.0,1.8,88.0,,15.0
3,,Biodegradable Plastic,65.0,1.0,180.0,China,,,,8.0,15.0,3.9,60.0,,28.0
4,,Kraft Paper,88.0,0.0,75.0,India,,,,5.0,6.0,2.0,85.0,,12.0
5,,Bamboo Fiber,95.0,1.0,120.0,Vietnam,,,,9.0,18.0,1.6,92.0,,35.0
6,,Mushroom Packaging,98.0,0.0,30.0,USA,,,,6.0,7.0,1.2,96.0,,40.0
7,,Recycled Paperboard,82.0,0.0,100.0,India,,,,7.0,10.0,2.3,89.0,,20.0
8,,PLA Plastic,70.0,1.0,160.0,Germany,,,,8.0,14.0,3.4,65.0,,30.0
9,,Cornstarch Packaging,90.0,0.0,110.0,India,,,,6.0,9.0,2.5,80.0,,22.0
10,,Sugarcane Bagasse,93.0,0.0,85.0,India,,,,7.0,11.0,1.9,91.0,,26.0
11,,Recycled PET,55.0,1.0,300.0,China,,,,9.0,20.0,4.8,75.0,,45.0
12,,Hemp Fiber,94.0,1.0,140.0,Nepal,,,,8.0,16.0,1.7,90.0,,38.0
13,,Jute Packaging,91.0,0.0,130.0,India,,,,7.0,14.0,2.2,88.0,,24.0
14,,Palm Leaf Packaging,96.0,0.0,50.0,India,,,,6.0,8.0,1.5,93.0,,19.0
15,,Seaweed Packaging,99.0,0.0,20.0,Indonesia,,,,5.0,6.0,1.1,97.0,,42.0
16,,Recycled Carton,80.0,0.0,95.0,India,,,,7.0,10.0,2.6,87.0,,21.0
17,,Paper Foam,86.0,0.0,100.0,India,,,,6.0,9.0,2.4,84.0,,23.0
18,,Bio-Composite,72.0,1.0,210.0,Japan,,,,9.0,22.0,3.8,70.0,,55.0
19,,Wood Wool,89.0,0.0,120.0,India,,,,6.0,8.0,2.1,85.0,,27.0
20,,Coconut Husk,94.0,0.0,90.0,India,,,,7.0,12.0,1.8,92.0,,29.0
21,,Recycled Molded Fiber,87.0,0.0,80.0,India,,,,8.0,13.0,2.0,90.0,,31.0
22,,Wheat Straw Packaging,95.0,0.0,60.0,India,,,,6.0,7.0,1.4,94.0,,18.0
23,,Banana Fiber,93.0,0.0,100.0,India,,,,7.0,11.0,1.9,91.0,,26.0
24,,Rice Husk Packaging,92.0,0.0,90.0,India,,,,6.0,9.0,2.0,89.0,,24.0
25,,Areca Leaf Packaging,97.0,0.0,40.0,India,,,,5.0,6.0,1.3,95.0,,17.0
26,,Paper Honeycomb,84.0,0.0,110.0,India,,,,8.0,17.0,2.7,88.0,,34.0
27,,Bagasse Foam,94.0,0.0,70.0,India,,,,7.0,13.0,1.8,92.0,,32.0
28,,Bio-Foam Sheet,78.0,1.0,150.0,Germany,,,,6.0,10.0,3.0,82.0,,28.0
29,,Recycled Kraft Board,83.0,0.0,120.0,India,,,,7.0,14.0,2.4,89.0,,27.0
30,,Natural Fiber Blend,90.0,1.0,140.0,India,,,,8.0,16.0,2.2,88.0,,36.0
31,,Agro Waste Composite,88.0,1.0,190.0,India,,,,9.0,21.0,2.9,86.0,,48.0
32,,Cellulose Fiber Mold,96.0,0.0,55.0,India,,,,6.0,8.0,1.6,93.0,,22.0
33,,Recycled Paper Foam,85.0,0.0,95.0,India,,,,7.0,11.0,2.5,90.0,,25.0
34,,Starch-Based Film,91.0,1.0,170.0,Thailand,,,,5.0,6.0,2.8,84.0,,20.0
35,,Natural Leaf Composite,97.0,0.0,65.0,India,,,,6.0,9.0,1.7,95.0,,28.0
1,Recycled Cardboard / Paperboard,Fiber-based (cellulosic),85.0,,,,,,,3.0,3.0,70.0,75.0,,
2,Molded Pulp (Recycled Paper Fiber),Fiber-based (cellulosic),85.0,,,,,,,3.0,3.0,70.0,70.0,,
3,"Kraft Paper Wraps, Paper Padding",Fiber-based,90.0,,,,,,,2.0,2.0,70.0,70.0,,
4,Starch-Based Foams/Peanuts,Bio-based polymer (starch),95.0,,,,,,,2.0,3.0,85.0,30.0,,
5,Mycelium-Based Molded Packaging,Bio-based composite,95.0,,,,,,,3.0,3.0,90.0,20.0,,
6,"Bagasse, Wheat-Straw, Other Agri Fibers",Fiber-based from agro-residues,90.0,,,,,,,3.0,3.0,85.0,60.0,,
7,"Pla Bioplastic (Films, Rigid)",Bio-based polyester,70.0,,,,,,,3.0,4.0,60.0,30.0,,
8,"Other Compostable Bioplastics (Pha, Pbs)",Bio-based polyesters,85.0,,,,,,,3.0,3.0,75.0,25.0,,
9,Cellulose / Seaweed Bio-Films,Bio-based polymer films,95.0,,,,,,,2.0,2.0,90.0,25.0,,
10,"Pcr Pet (Bottles, Trays)",Recycled fossil plastic,0.0,,,,,,,4.0,4.0,55.0,60.0,,
11,Pcr Hdpe/Ldpe,Recycled fossil plastic,0.0,,,,,,,4.0,4.0,55.0,55.0,,
12,"Glass (Bottles, Jars, Vials)",Inorganic (silicate),0.0,,,,,,,4.0,3.0,50.0,80.0,,
13,Aluminium Cans / Tins,Metal (aluminium),0.0,,,,,,,5.0,5.0,55.0,85.0,,
14,"Bamboo (Components, Shells)",Lignocellulosic (wood-like),90.0,,,,,,,4.0,4.0,90.0,50.0,,
15,"Cork, Wood, Wood-Composites",Lignocellulosic,90.0,,,,,,,4.0,4.0,85.0,60.0,,
16,Cotton/Jute Textile Bags,Natural fiber,90.0,,,,,,,3.0,3.0,60.0,40.0,,
17,Hemp Fiber Molded Packaging,Natural fiber,92.0,,,,,,,4.0,4.0,88.0,55.0,,
18,Sugarcane Bagasse Sheets,Agro-waste fiber,88.0,,,,,,,3.0,3.0,82.0,65.0,,
19,Rice Husk Composites,Agro-waste composite,85.0,,,,,,,3.0,3.0,85.0,50.0,,
20,Chitin/Chitosan Films (Mushroom/Shell),Bio-based polysaccharide,90.0,,,,,,,2.0,2.0,88.0,30.0,,
21,Recycled Steel Tins,Metal (steel),0.0,,,,,,,5.0,5.0,60.0,90.0,,
22,Pcr Pp (Polypropylene) Trays,Recycled fossil plastic,0.0,,,,,,,4.0,4.0,58.0,50.0,,
23,Beeswax-Coated Paper,Bio-based coated fiber,85.0,,,,,,,2.0,2.0,80.0,45.0,,
24,Seaweed-Based Rigid Trays,Bio-based polysaccharide,95.0,,,,,,,3.0,3.0,92.0,25.0,,
25,Newspaper Honeycomb Inserts,Recycled fiber composite,88.0,,,,,,,3.0,4.0,75.0,70.0,,
26,Algae-Based Plastics,Bio-based (algae),95.0,,,,,,,3.0,3.0,95.0,20.0,,
27,Cellophane Films,Regenerated cellulose,95.0,,,,,,,2.0,2.0,85.0,40.0,,
28,Cornstarch-Based Bioplastic Trays,Bio-based starch,90.0,,,,,,,3.0,3.0,70.0,25.0,,
29,Coconut Coir Padding,Natural fiber (coir),92.0,,,,,,,3.0,3.0,88.0,50.0,,
30,Palm Leaf Trays,Lignocellulosic (palm),95.0,,,,,,,3.0,2.0,90.0,30.0,,
31,Banana Fiber Composites,Agro-waste fiber,90.0,,,,,,,3.0,3.0,85.0,45.0,,
32,Cassava Starch Foams,Bio-based starch,95.0,,,,,,,2.0,3.0,82.0,20.0,,
33,Beet Pulp Molded Pulp,Agro-waste fiber,88.0,,,,,,,3.0,3.0,80.0,55.0,,
34,Carrot Pulp Trays,Agro-waste composite,90.0,,,,,,,2.0,2.0,85.0,40.0,,
35,Tapioca-Based Films,Bio-based starch,95.0,,,,,,,2.0,2.0,78.0,25.0,,
36,Corn Cob Fillers,Agro-waste particle,92.0,,,,,,,2.0,3.0,88.0,60.0,,
37,Peanut Shell Composites,Agro-waste composite,85.0,,,,,,,3.0,3.0,85.0,50.0,,
38,Sorghum Stalk Padding,Lignocellulosic,90.0,,,,,,,2.0,2.0,87.0,55.0,,
39,Flax Fiber Bags,Natural fiber,92.0,,,,,,,4.0,4.0,90.0,60.0,,
40,Sisal Fiber Wraps,Natural fiber,90.0,,,,,,,3.0,3.0,85.0,50.0,,
41,Abaca (Manila Hemp) Sheets,Natural fiber,88.0,,,,,,,4.0,4.0,82.0,55.0,,
42,Kapok Fiber Cushions,Natural fiber,95.0,,,,,,,2.0,3.0,92.0,30.0,,
43,Pineapple Leaf Fibers (PiÃ±a),Agro-waste fiber,90.0,,,,,,,3.0,3.0,88.0,45.0,,
44,Coffee Husk Composites,Agro-waste composite,85.0,,,,,,,3.0,3.0,85.0,50.0,,
45,Olive Stone Fillers,Agro-waste particle,88.0,,,,,,,3.0,4.0,82.0,55.0,,
46,Date Palm Composites,Lignocellulosic,90.0,,,,,,,4.0,4.0,87.0,60.0,,
47,Avocado Seed Bioplastics,Bio-based composite,92.0,,,,,,,2.0,2.0,90.0,25.0,,
48,Mushroom Root (Mycelium Variants),Bio-based composite,95.0,,,,,,,3.0,3.0,92.0,20.0,,
49,Agar-Agar Films (Seaweed Binder),Bio-based polysaccharide,95.0,,,,,,,2.0,2.0,93.0,25.0,,
50,Wheat Bran Sheets,Agro-waste fiber,90.0,,,,,,,2.0,2.0,80.0,65.0,,
51,Barley Straw Pulp,Fiber-based (cellulosic),88.0,,,,,,,3.0,3.0,78.0,70.0,,
52,Maize Cob Composites,Agro-waste composite,90.0,,,,,,,3.0,3.0,85.0,55.0,,
53,Potato Starch Foams,Bio-based starch,95.0,,,,,,,2.0,3.0,80.0,25.0,,
54,Sugarcane Pulp Trays,Agro-waste fiber,88.0,,,,,,,3.0,3.0,82.0,65.0,,
55,Apple Pomace Films,Agro-waste composite,92.0,,,,,,,2.0,2.0,88.0,40.0,,
56,Bamboo Leaf Sheets,Lignocellulosic,90.0,,,,,,,3.0,3.0,90.0,50.0,,
57,Reed Fiber Padding,Natural fiber,88.0,,,,,,,3.0,3.0,85.0,60.0,,
58,Esparto Grass Composites,Lignocellulosic,85.0,,,,,,,3.0,3.0,82.0,55.0,,
59,Typha (Cattail) Fiber,Natural fiber,92.0,,,,,,,2.0,2.0,88.0,45.0,,
60,Kenaf Fiber Molded,Natural fiber,90.0,,,,,,,4.0,4.0,87.0,60.0,,
61,Ramie Fiber Bags,Natural fiber,88.0,,,,,,,4.0,4.0,85.0,55.0,,
62,Coir Pith Blocks,Natural fiber (coir),95.0,,,,,,,3.0,4.0,90.0,50.0,,
63,Areca Palm Leaf Plates,Lignocellulosic,95.0,,,,,,,3.0,2.0,92.0,30.0,,
64,Sal Leaf Plates,Lignocellulosic,95.0,,,,,,,3.0,2.0,90.0,35.0,,
65,Sago Palm Starch Films,Bio-based starch,95.0,,,,,,,2.0,2.0,80.0,25.0,,
66,Jackfruit Seed Bioplastics,Bio-based composite,90.0,,,,,,,2.0,2.0,88.0,30.0,,
67,Durian Rind Composites,Agro-waste composite,88.0,,,,,,,3.0,3.0,85.0,45.0,,
68,Mango Seed Coatings,Bio-based polymer,92.0,,,,,,,2.0,2.0,87.0,40.0,,
69,Papaya Leaf Fibers,Agro-waste fiber,90.0,,,,,,,2.0,2.0,85.0,50.0,,
70,Guava Pomace Fillers,Agro-waste particle,88.0,,,,,,,2.0,3.0,82.0,55.0,,
71,Lentil Hull Composites,Agro-waste composite,85.0,,,,,,,3.0,3.0,80.0,60.0,,
72,Chickpea Straw Pulp,Fiber-based,90.0,,,,,,,3.0,3.0,85.0,65.0,,
73,Soybean Hull Sheets,Agro-waste fiber,88.0,,,,,,,3.0,3.0,82.0,55.0,,
74,Alginate Films (Brown Algae),Bio-based polysaccharide,95.0,,,,,,,2.0,2.0,93.0,25.0,,
75,Carrageenan Wraps (Red Algae),Bio-based polysaccharide,95.0,,,,,,,2.0,2.0,92.0,25.0,,
76,Fucoidan-Based Trays,Bio-based polysaccharide,94.0,,,,,,,3.0,3.0,91.0,25.0,,
77,Pectin Films (Fruit-Derived),Bio-based polysaccharide,92.0,,,,,,,2.0,2.0,88.0,30.0,,
78,Bacterial Cellulose Sheets,Bio-based (microbial),95.0,,,,,,,4.0,3.0,90.0,20.0,,
79,Pullulan Films (Fungal),Bio-based polysaccharide,95.0,,,,,,,2.0,2.0,92.0,25.0,,
80,Xanthan Gum Coatings,Bio-based polysaccharide,90.0,,,,,,,2.0,2.0,88.0,30.0,,
81,Guar Gum Composites,Bio-based polysaccharide,92.0,,,,,,,2.0,3.0,87.0,35.0,,
82,Orange Peel Composites,Agro-waste composite,92.0,,,,,,,2.0,2.0,88.0,40.0,,
83,Lemon Peel Films,Agro-waste polymer,90.0,,,,,,,2.0,2.0,87.0,35.0,,
84,Pomegranate Rind Trays,Agro-waste composite,88.0,,,,,,,3.0,3.0,85.0,45.0,,
85,Grape Pomace Fillers,Agro-waste particle,90.0,,,,,,,2.0,3.0,86.0,50.0,,
86,Tomato Skin Sheets,Agro-waste fiber,92.0,,,,,,,2.0,2.0,88.0,40.0,,
87,Onion Peel Composites,Agro-waste composite,85.0,,,,,,,3.0,3.0,82.0,55.0,,
88,Garlic Husk Padding,Agro-waste particle,88.0,,,,,,,2.0,2.0,85.0,50.0,,
89,Eggshell Calcium Composites,Bio-mineral composite,85.0,,,,,,,4.0,4.0,80.0,60.0,,
90,Crab Shell Chitin Films,Bio-based polysaccharide,90.0,,,,,,,3.0,3.0,88.0,30.0,,
91,Shrimp Shell Chitosan Trays,Bio-based polysaccharide,92.0,,,,,,,3.0,3.0,89.0,30.0,,
92,Fish Scale Bioplastics,Bio-based composite,85.0,,,,,,,3.0,3.0,85.0,25.0,,
93,Feather Keratin Foams,Bio-based protein,90.0,,,,,,,2.0,2.0,87.0,20.0,,
94,Wool Fiber Padding,Natural fiber (animal),85.0,,,,,,,3.0,3.0,75.0,70.0,,
95,Silk Cocoons Composites,Natural fiber (protein),80.0,,,,,,,3.0,3.0,80.0,40.0,,
96,Casein (Milk Protein) Films,Bio-based protein,90.0,,,,,,,2.0,2.0,82.0,25.0,,
97,Gelatin-Based Wraps,Bio-based protein,95.0,,,,,,,2.0,2.0,85.0,20.0,,
98,Collagen Sheets,Bio-based protein,92.0,,,,,,,3.0,3.0,88.0,30.0,,
99,Lignin Foams (Wood Extract),Bio-based polymer,85.0,,,,,,,3.0,3.0,90.0,40.0,,
100,Hemicellulose Films,Bio-based polysaccharide,90.0,,,,,,,2.0,2.0,88.0,35.0,,
101,Glucomannan Noodles/Padding,Bio-based polysaccharide,95.0,,,,,,,2.0,3.0,87.0,25.0,,
102,Locust Bean Gum Trays,Bio-based polysaccharide,92.0,,,,,,,2.0,2.0,86.0,30.0,,
103,Konjac Glucomannan Films,Bio-based polysaccharide,95.0,,,,,,,2.0,2.0,88.0,25.0,,
104,Fungal Keratinase Composites,Bio-based composite,95.0,,,,,,,3.0,3.0,92.0,20.0,,
105,Bacterial Nanocellulose Foams,Bio-based (microbial),95.0,,,,,,,4.0,4.0,90.0,20.0,,
106,Pha From Bacteria (Films),Bio-based polyester,95.0,,,,,,,3.0,3.0,85.0,25.0,,
107,Phb Bottles/Trays,Bio-based polyester,90.0,,,,,,,4.0,4.0,80.0,30.0,,
108,Polyhydroxybutyrate Composites,Bio-based polyester,92.0,,,,,,,4.0,4.0,82.0,30.0,,
109,Spider Silk-Inspired Synthetics,Bio-based protein mimic,85.0,,,,,,,5.0,4.0,88.0,40.0,,
110,Nettle Fiber Bags,Natural fiber,90.0,,,,,,,4.0,4.0,87.0,55.0,,
111,Willow Bark Composites,Lignocellulosic,88.0,,,,,,,3.0,3.0,85.0,60.0,,
112,Mycelium Packaging,Bio-based composite,98.0,,,,,,,4.0,4.0,95.0,10.0,,
113,Seaweed-based Bio-film,Bio-based polymer,100.0,,,,,,,2.0,2.0,92.0,5.0,,
114,Recycled Ocean Plastic (PET),Recycled Polymer,5.0,,,,,,,4.0,4.0,45.0,90.0,,
115,Hemp Fiber Insulation,Natural fiber,90.0,,,,,,,3.5,3.0,85.0,60.0,,
116,Bamboo Molded Fiber,Fiber-based,92.0,,,,,,,4.5,5.0,80.0,75.0,,
117,Mushroom-leather Wrap,Bio-based composite,95.0,,,,,,,3.0,2.0,88.0,15.0,,
118,Graphene-reinforced Paper,Advanced Composite,70.0,,,,,,,5.0,4.0,55.0,65.0,,
119,Algae-Based Bioplastic,Bio-polymer,95.0,,,,,,,3.0,3.0,98.0,40.0,,
120,Graphene-Infused Paperboard,Advanced Fiber,80.0,,,,,,,5.0,5.0,65.0,85.0,,
121,Mycelium-Hemp Composite,Bio-composite,100.0,,,,,,,4.0,4.0,92.0,15.0,,
122,Recycled Ocean PET (v2),Recycled Plastic,5.0,,,,,,,4.5,4.0,45.0,95.0,,
123,Chitosan-Coated Biofilm,Marine-based,98.0,,,,,,,2.5,2.0,88.0,10.0,,
124,Nanocellulose Wrap,Advanced Bio-film,92.0,,,,,,,4.5,3.0,82.0,70.0,,
125,Liquid Wood (Lignin),Bio-polymer,85.0,,,,,,,3.5,4.0,78.0,55.0,,
126,Carbon-Negative Concrete Foam,Industrial Bio-base,60.0,,,,,,,4.0,5.0,110.0,20.0,,
127,Recycled Aluminum Foil,Metal,0.0,,,,,,,5.0,2.0,55.0,100.0,,
128,Bamboo Fiber Molded Tray,Natural Fiber,94.0,,,,,,,4.2,4.0,85.0,80.0,,
129,Sal Leaf Plates,Lignocellulosic,95.0,,,,,,,3.0,2.0,90.0,35.0,,
130,Sago Palm Starch Films,Bio-based starch,95.0,,,,,,,2.0,2.0,80.0,25.0,,
131,Jackfruit Seed Bioplastics,Bio-based composite,90.0,,,,,,,2.0,2.0,88.0,30.0,,
132,Durian Rind Composites,Agro-waste composite,88.0,,,,,,,3.0,3.0,85.0,45.0,,
133,Mango Seed Coatings,Bio-based polymer,92.0,,,,,,,2.0,2.0,87.0,40.0,,
134,Papaya Leaf Fibers,Agro-waste fiber,90.0,,,,,,,2.0,2.0,85.0,50.0,,
135,Guava Pomace Fillers,Agro-waste particle,88.0,,,,,,,2.0,3.0,82.0,55.0,,
136,Lentil Hull Composites,Agro-waste composite,85.0,,,,,,,3.0,3.0,80.0,60.0,,
137,Chickpea Straw Pulp,Fiber-based,90.0,,,,,,,3.0,3.0,85.0,65.0,,
138,Soybean Hull Sheets,Agro-waste fiber,88.0,,,,,,,3.0,3.0,82.0,55.0,,
139,Alginate Films (Brown Algae),Bio-based polysaccharide,95.0,,,,,,,2.0,2.0,93.0,25.0,,
140,Carrageenan Wraps (Red Algae),Bio-based polysaccharide,95.0,,,,,,,2.0,2.0,92.0,25.0,,
141,Fucoidan-Based Trays,Bio-based polysaccharide,94.0,,,,,,,3.0,3.0,91.0,25.0,,
142,Pectin Films (Fruit-Derived),Bio-based polysaccharide,92.0,,,,,,,2.0,2.0,88.0,30.0,,
143,Bacterial Cellulose Sheets,Bio-based (microbial),95.0,,,,,,,4.0,3.0,90.0,20.0,,
144,Pullulan Films (Fungal),Bio-based polysaccharide,95.0,,,,,,,2.0,2.0,92.0,25.0,,
145,Xanthan Gum Coatings,Bio-based polysaccharide,90.0,,,,,,,2.0,2.0,88.0,30.0,,
146,Guar Gum Composites,Bio-based polysaccharide,92.0,,,,,,,2.0,3.0,87.0,35.0,,
147,Orange Peel Composites,Agro-waste composite,92.0,,,,,,,2.0,2.0,88.0,40.0,,
148,Lemon Peel Films,Agro-waste polymer,90.0,,,,,,,2.0,2.0,87.0,35.0,,
149,Pomegranate Rind Trays,Agro-waste composite,88.0,,,,,,,3.0,3.0,85.0,45.0,,
150,Grape Pomace Fillers,Agro-waste particle,90.0,,,,,,,2.0,3.0,86.0,50.0,,
151,Tomato Skin Sheets,Agro-waste fiber,92.0,,,,,,,2.0,2.0,88.0,40.0,,
152,Onion Peel Composites,Agro-waste composite,85.0,,,,,,,3.0,3.0,82.0,55.0,,
153,Garlic Husk Padding,Agro-waste particle,88.0,,,,,,,2.0,2.0,85.0,50.0,,
154,Eggshell Calcium Composites,Bio-mineral composite,85.0,,,,,,,4.0,4.0,80.0,60.0,,
155,Crab Shell Chitin Films,Bio-based polysaccharide,90.0,,,,,,,3.0,3.0,88.0,30.0,,
156,Shrimp Shell Chitosan Trays,Bio-based polysaccharide,92.0,,,,,,,3.0,3.0,89.0,30.0,,
157,Fish Scale Bioplastics,Bio-based composite,85.0,,,,,,,3.0,3.0,85.0,25.0,,
158,Feather Keratin Foams,Bio-based protein,90.0,,,,,,,2.0,2.0,87.0,20.0,,
159,Wool Fiber Padding,Natural fiber (animal),85.0,,,,,,,3.0,3.0,75.0,70.0,,
160,Silk Cocoons Composites,Natural fiber (protein),80.0,,,,,,,3.0,3.0,80.0,40.0,,
161,Casein (Milk Protein) Films,Bio-based protein,90.0,,,,,,,2.0,2.0,82.0,25.0,,
162,Gelatin-Based Wraps,Bio-based protein,95.0,,,,,,,2.0,2.0,85.0,20.0,,
163,Collagen Sheets,Bio-based protein,92.0,,,,,,,3.0,3.0,88.0,30.0,,
164,Lignin Foams (Wood Extract),Bio-based polymer,85.0,,,,,,,3.0,3.0,90.0,40.0,,
165,Hemicellulose Films,Bio-based polysaccharide,90.0,,,,,,,2.0,2.0,88.0,35.0,,
166,Glucomannan Noodles/Padding,Bio-based polysaccharide,95.0,,,,,,,2.0,3.0,87.0,25.0,,
167,Locust Bean Gum Trays,Bio-based polysaccharide,92.0,,,,,,,2.0,2.0,86.0,30.0,,
168,Konjac Glucomannan Films,Bio-based polysaccharide,95.0,,,,,,,2.0,2.0,88.0,25.0,,
169,Fungal Keratinase Composites,Bio-based composite,95.0,,,,,,,3.0,3.0,92.0,20.0,,
170,Bacterial Nanocellulose Foams,Bio-based (microbial),95.0,,,,,,,4.0,4.0,90.0,20.0,,
171,Pha From Bacteria (Films),Bio-based polyester,95.0,,,,,,,3.0,3.0,85.0,25.0,,
172,Phb Bottles/Trays,Bio-based polyester,90.0,,,,,,,4.0,4.0,80.0,30.0,,
173,Polyhydroxybutyrate Composites,Bio-based polyester,92.0,,,,,,,4.0,4.0,82.0,30.0,,
174,Spider Silk-Inspired Synthetics,Bio-based protein mimic,85.0,,,,,,,5.0,4.0,88.0,40.0,,
175,Nettle Fiber Bags,Natural fiber,90.0,,,,,,,4.0,4.0,87.0,55.0,,
176,Willow Bark Composites,Lignocellulosic,88.0,,,,,,,3.0,3.0,85.0,60.0,,
177,Advanced Natural fiber Variant 1,Natural fiber (protein),78.7,,,,,,,3.6,2.0,87.0,60.0,,
178,Advanced Natural fiber Variant 2,Natural fiber (coir),64.7,,,,,,,2.4,3.0,25.5,80.0,,
179,Advanced Recycled fossil plastic Variant 3,Recycled fossil plastic,31.9,,,,,,,3.7,2.0,64.5,66.0,,
180,Advanced Bio-based polymer films Variant 4,Bio-based polymer films,86.1,,,,,,,3.6,4.0,96.1,27.0,,
181,Advanced Natural fiber Variant 5,Natural fiber,54.5,,,,,,,2.0,5.0,102.3,50.0,,
182,Advanced Bio-based composite Variant 6,Bio-based composite,93.8,,,,,,,2.4,3.0,68.5,86.0,,
183,Advanced Natural fiber Variant 7,Natural fiber,76.4,,,,,,,4.5,2.0,66.2,83.0,,
184,Advanced Inorganic Variant 8,Inorganic (silicate),45.8,,,,,,,2.5,2.0,37.6,20.0,,
185,Advanced Inorganic Variant 9,Inorganic (silicate),19.8,,,,,,,2.7,3.0,100.4,30.0,,
186,Advanced Bio-based composite Variant 10,Bio-based composite,15.4,,,,,,,2.2,5.0,24.8,69.0,,
187,Advanced Recycled fossil plastic Variant 11,Recycled fossil plastic,20.8,,,,,,,1.2,1.0,22.6,29.0,,
188,Advanced Bio-based polymer Variant 12,Bio-based polymer (starch),1.9,,,,,,,4.3,3.0,50.3,41.0,,
189,Advanced Bio-based starch Variant 13,Bio-based starch,97.4,,,,,,,1.4,5.0,45.2,31.0,,
190,Advanced Agro-waste composite Variant 14,Agro-waste composite,92.6,,,,,,,3.2,5.0,106.7,60.0,,
191,Advanced Regenerated cellulose Variant 15,Regenerated cellulose,90.9,,,,,,,3.8,2.0,67.3,0.0,,
192,Advanced Bio-based polyesters Variant 16,Bio-based polyesters,82.5,,,,,,,2.2,1.0,104.1,48.0,,
193,Advanced Bio-based coated fiber Variant 17,Bio-based coated fiber,17.7,,,,,,,1.5,3.0,71.2,14.0,,
194,Advanced Bio-based polymer Variant 18,Bio-based polymer,47.5,,,,,,,1.3,5.0,63.6,36.0,,
195,Advanced Agro-waste particle Variant 19,Agro-waste particle,94.5,,,,,,,2.7,5.0,90.6,83.0,,
196,Advanced Fiber-based Variant 20,Fiber-based (cellulosic),6.3,,,,,,,3.9,4.0,93.8,73.0,,
197,Advanced Bio-based polyester Variant 21,Bio-based polyester,21.1,,,,,,,3.6,5.0,100.7,93.0,,
198,Advanced Lignocellulosic Variant 22,Lignocellulosic (palm),4.4,,,,,,,2.6,4.0,106.9,96.0,,
199,Advanced Agro-waste fiber Variant 23,Agro-waste fiber,91.7,,,,,,,2.3,4.0,56.3,36.0,,
200,Advanced Bio-based protein Variant 24,Bio-based protein,58.1,,,,,,,2.3,3.0,40.5,18.0,,
201,Advanced Bio-based starch Variant 25,Bio-based starch,92.4,,,,,,,4.7,2.0,96.1,34.0,,
202,Advanced Agro-waste polymer Variant 26,Agro-waste polymer,48.8,,,,,,,2.9,3.0,95.7,5.0,,
203,Advanced Bio-based coated fiber Variant 27,Bio-based coated fiber,92.0,,,,,,,3.6,1.0,82.8,60.0,,
204,Advanced Natural fiber Variant 28,Natural fiber,47.6,,,,,,,2.5,4.0,42.1,17.0,,
205,Advanced Bio-based protein mimic Variant 29,Bio-based protein mimic,23.7,,,,,,,1.7,2.0,103.7,46.0,,
206,Advanced Bio-based coated fiber Variant 30,Bio-based coated fiber,69.1,,,,,,,1.3,5.0,52.8,13.0,,
207,Advanced Agro-waste particle Variant 31,Agro-waste particle,85.6,,,,,,,4.8,5.0,38.4,15.0,,
208,Advanced Bio-based polymer films Variant 32,Bio-based polymer films,15.5,,,,,,,4.1,4.0,99.0,35.0,,
209,Advanced Bio-based Variant 33,Bio-based (microbial),65.0,,,,,,,1.8,1.0,45.4,23.0,,
210,Advanced Natural fiber Variant 34,Natural fiber,92.7,,,,,,,1.4,3.0,28.8,48.0,,
211,Advanced Agro-waste composite Variant 35,Agro-waste composite,12.6,,,,,,,3.2,4.0,97.0,46.0,,
212,Advanced Bio-based protein mimic Variant 36,Bio-based protein mimic,43.7,,,,,,,1.1,4.0,27.0,25.0,,
213,Advanced Bio-based Variant 37,Bio-based (microbial),80.7,,,,,,,2.2,1.0,39.5,50.0,,
214,Advanced Bio-based polyesters Variant 38,Bio-based polyesters,38.4,,,,,,,2.6,2.0,69.3,66.0,,
215,Advanced Lignocellulosic Variant 39,Lignocellulosic,72.9,,,,,,,2.5,2.0,89.9,92.0,,
216,Advanced Lignocellulosic Variant 40,Lignocellulosic (wood-like),5.5,,,,,,,2.1,2.0,99.5,72.0,,
217,Advanced Bio-based coated fiber Variant 41,Bio-based coated fiber,23.0,,,,,,,1.7,5.0,32.3,8.0,,
218,Advanced Bio-mineral composite Variant 42,Bio-mineral composite,90.1,,,,,,,1.8,5.0,51.7,45.0,,
219,Advanced Natural fiber Variant 43,Natural fiber (coir),51.5,,,,,,,1.1,2.0,95.4,28.0,,
220,Advanced Natural fiber Variant 44,Natural fiber (protein),16.1,,,,,,,4.1,1.0,110.0,35.0,,
221,Advanced Agro-waste fiber Variant 45,Agro-waste fiber,80.4,,,,,,,2.4,5.0,72.6,83.0,,
222,Advanced Bio-mineral composite Variant 46,Bio-mineral composite,71.6,,,,,,,3.6,1.0,58.6,68.0,,
223,Advanced Bio-based polymer films Variant 47,Bio-based polymer films,81.0,,,,,,,3.1,1.0,58.7,40.0,,
224,Advanced Natural fiber Variant 48,Natural fiber (coir),31.8,,,,,,,4.1,2.0,52.8,33.0,,
225,Advanced Fiber-based from agro-residues Variant 49,Fiber-based from agro-residues,88.2,,,,,,,2.3,5.0,30.2,6.0,,
226,Advanced Agro-waste polymer Variant 50,Agro-waste polymer,10.0,,,,,,,3.3,4.0,78.1,2.0,,
227,Advanced Agro-waste particle Variant 51,Agro-waste particle,38.0,,,,,,,4.2,4.0,20.7,41.0,,
228,Advanced Bio-based protein Variant 52,Bio-based protein,82.0,,,,,,,1.2,3.0,84.0,95.0,,
229,Advanced Regenerated cellulose Variant 53,Regenerated cellulose,48.4,,,,,,,3.2,3.0,90.6,25.0,,
230,Advanced Fiber-based from agro-residues Variant 54,Fiber-based from agro-residues,79.8,,,,,,,4.2,1.0,22.8,30.0,,
231,Advanced Bio-based starch Variant 55,Bio-based starch,28.6,,,,,,,2.2,4.0,88.7,32.0,,
232,Advanced Bio-based protein Variant 56,Bio-based protein,62.6,,,,,,,1.6,1.0,38.4,87.0,,
233,Advanced Bio-based composite Variant 57,Bio-based composite,40.5,,,,,,,4.7,5.0,61.2,36.0,,
234,Advanced Agro-waste polymer Variant 58,Agro-waste polymer,10.6,,,,,,,5.0,1.0,28.3,52.0,,
235,Advanced Bio-based polysaccharide Variant 59,Bio-based polysaccharide,24.7,,,,,,,1.5,1.0,20.8,63.0,,
236,Advanced Regenerated cellulose Variant 60,Regenerated cellulose,71.2,,,,,,,1.3,5.0,84.6,40.0,,
237,Advanced Agro-waste particle Variant 61,Agro-waste particle,17.5,,,,,,,4.5,1.0,99.6,39.0,,
238,Advanced Natural fiber Variant 62,Natural fiber (protein),81.0,,,,,,,1.7,2.0,38.8,81.0,,
239,Advanced Bio-based polysaccharide Variant 63,Bio-based polysaccharide,28.9,,,,,,,2.2,5.0,47.1,78.0,,
240,Advanced Lignocellulosic Variant 64,Lignocellulosic,68.0,,,,,,,3.7,4.0,81.6,83.0,,
241,Advanced Fiber-based from agro-residues Variant 65,Fiber-based from agro-residues,91.5,,,,,,,2.3,3.0,80.6,20.0,,
242,Advanced Recycled fiber composite Variant 66,Recycled fiber composite,43.1,,,,,,,4.1,1.0,36.0,93.0,,
243,Advanced Metal Variant 67,Metal (steel),35.9,,,,,,,3.2,5.0,55.5,17.0,,
244,Advanced Bio-based Variant 68,Bio-based (algae),19.5,,,,,,,2.4,1.0,25.2,88.0,,
245,Advanced Inorganic Variant 69,Inorganic (silicate),9.2,,,,,,,1.1,5.0,102.9,96.0,,
246,Advanced Bio-based polymer Variant 70,Bio-based polymer,58.1,,,,,,,1.1,4.0,70.3,19.0,,
247,Advanced Agro-waste composite Variant 71,Agro-waste composite,29.2,,,,,,,3.3,4.0,46.5,97.0,,
248,Advanced Bio-based polyesters Variant 72,Bio-based polyesters,68.7,,,,,,,3.1,1.0,74.3,88.0,,
249,Advanced Bio-based Variant 73,Bio-based (microbial),29.3,,,,,,,1.6,2.0,94.7,44.0,,
250,Advanced Recycled fossil plastic Variant 74,Recycled fossil plastic,67.1,,,,,,,1.3,4.0,25.7,24.0,,
251,Advanced Bio-based starch Variant 75,Bio-based starch,83.4,,,,,,,3.4,4.0,85.6,11.0,,
252,Advanced Fiber-based Variant 76,Fiber-based (cellulosic),52.4,,,,,,,3.3,2.0,38.9,65.0,,
253,Advanced Fiber-based Variant 77,Fiber-based,7.6,,,,,,,4.3,3.0,20.4,95.0,,
254,Advanced Natural fiber Variant 78,Natural fiber (animal),69.0,,,,,,,2.8,5.0,67.5,70.0,,
255,Advanced Agro-waste composite Variant 79,Agro-waste composite,35.3,,,,,,,2.3,2.0,71.6,80.0,,
256,Advanced Recycled fossil plastic Variant 80,Recycled fossil plastic,11.6,,,,,,,3.9,5.0,93.9,83.0,,
257,Advanced Bio-based composite Variant 81,Bio-based composite,48.7,,,,,,,3.0,3.0,45.3,95.0,,
258,Advanced Bio-based polymer Variant 82,Bio-based polymer,34.3,,,,,,,1.7,3.0,89.0,5.0,,
259,Advanced Bio-based polymer Variant 83,Bio-based polymer,8.2,,,,,,,2.5,4.0,64.7,98.0,,
260,Advanced Bio-based polymer Variant 84,Bio-based polymer,72.8,,,,,,,2.0,4.0,59.8,75.0,,
261,Advanced Fiber-based from agro-residues Variant 85,Fiber-based from agro-residues,51.6,,,,,,,1.1,5.0,40.8,53.0,,
262,Advanced Lignocellulosic Variant 86,Lignocellulosic (wood-like),35.7,,,,,,,4.2,3.0,86.0,26.0,,
263,Advanced Bio-mineral composite Variant 87,Bio-mineral composite,39.5,,,,,,,2.7,1.0,69.1,64.0,,
264,Advanced Regenerated cellulose Variant 88,Regenerated cellulose,73.0,,,,,,,2.4,4.0,54.6,6.0,,
265,Advanced Bio-based polyester Variant 89,Bio-based polyester,9.1,,,,,,,2.8,1.0,76.2,92.0,,
266,Advanced Bio-based coated fiber Variant 90,Bio-based coated fiber,29.1,,,,,,,3.3,1.0,38.0,5.0,,
267,Advanced Natural fiber Variant 91,Natural fiber (protein),79.8,,,,,,,4.5,3.0,23.8,79.0,,
268,Advanced Fiber-based Variant 92,Fiber-based (cellulosic),60.7,,,,,,,4.9,2.0,63.2,18.0,,
269,Advanced Recycled fiber composite Variant 93,Recycled fiber composite,24.7,,,,,,,2.4,2.0,67.9,73.0,,
270,Advanced Bio-based composite Variant 94,Bio-based composite,27.2,,,,,,,1.8,1.0,31.7,67.0,,
271,Advanced Bio-based coated fiber Variant 95,Bio-based coated fiber,37.2,,,,,,,1.5,2.0,39.1,31.0,,
272,Advanced Bio-based composite Variant 96,Bio-based composite,65.3,,,,,,,3.8,5.0,90.3,89.0,,
273,Advanced Bio-based Variant 97,Bio-based (algae),11.0,,,,,,,1.5,2.0,39.2,58.0,,
274,Advanced Lignocellulosic Variant 98,Lignocellulosic (wood-like),39.9,,,,,,,2.7,1.0,73.5,80.0,,
275,Advanced Lignocellulosic Variant 99,Lignocellulosic (wood-like),91.3,,,,,,,3.8,2.0,69.8,39.0,,
276,Advanced Bio-based polysaccharide Variant 100,Bio-based polysaccharide,12.9,,,,,,,1.3,5.0,46.9,3.0,,
277,Advanced Metal Variant 101,Metal (aluminium),70.5,,,,,,,2.1,3.0,71.3,14.0,,
278,Advanced Metal Variant 102,Metal (steel),30.2,,,,,,,3.1,1.0,106.7,11.0,,
279,Advanced Bio-based Variant 103,Bio-based (algae),35.0,,,,,,,1.7,3.0,102.1,12.0,,
280,Advanced Bio-based polysaccharide Variant 104,Bio-based polysaccharide,43.8,,,,,,,4.6,2.0,43.1,18.0,,
281,Advanced Lignocellulosic Variant 105,Lignocellulosic,34.2,,,,,,,2.4,3.0,83.7,33.0,,
282,Advanced Inorganic Variant 106,Inorganic (silicate),30.2,,,,,,,3.7,4.0,45.3,0.0,,
283,Advanced Bio-based polymer Variant 107,Bio-based polymer (starch),85.5,,,,,,,3.4,5.0,22.6,18.0,,
284,Advanced Lignocellulosic Variant 108,Lignocellulosic,83.2,,,,,,,4.2,5.0,83.6,26.0,,
285,Advanced Fiber-based Variant 109,Fiber-based,97.5,,,,,,,2.3,1.0,82.2,53.0,,
286,Advanced Fiber-based Variant 110,Fiber-based (cellulosic),34.9,,,,,,,2.1,4.0,38.3,45.0,,
287,Advanced Bio-based polymer Variant 111,Bio-based polymer,46.7,,,,,,,3.3,1.0,28.0,90.0,,
288,Advanced Regenerated cellulose Variant 112,Regenerated cellulose,31.5,,,,,,,2.7,3.0,48.8,18.0,,
289,Advanced Bio-based coated fiber Variant 113,Bio-based coated fiber,94.5,,,,,,,1.1,3.0,49.6,35.0,,
290,Advanced Fiber-based Variant 114,Fiber-based,44.9,,,,,,,2.7,2.0,81.6,5.0,,
291,Advanced Fiber-based Variant 115,Fiber-based,61.3,,,,,,,2.2,2.0,66.4,73.0,,
292,Advanced Lignocellulosic Variant 116,Lignocellulosic (palm),19.4,,,,,,,3.8,2.0,93.6,98.0,,
293,Advanced Fiber-based Variant 117,Fiber-based (cellulosic),0.8,,,,,,,3.7,1.0,22.1,78.0,,
294,Advanced Lignocellulosic Variant 118,Lignocellulosic (palm),5.7,,,,,,,2.1,4.0,87.1,16.0,,
295,Advanced Bio-based polymer Variant 119,Bio-based polymer,84.9,,,,,,,4.1,5.0,96.1,57.0,,
296,Advanced Fiber-based from agro-residues Variant 120,Fiber-based from agro-residues,51.7,,,,,,,1.9,1.0,106.2,97.0,,
297,Advanced Lignocellulosic Variant 121,Lignocellulosic (palm),3.3,,,,,,,3.9,1.0,105.9,21.0,,
298,Advanced Lignocellulosic Variant 122,Lignocellulosic (palm),35.6,,,,,,,2.1,3.0,54.9,16.0,,
299,Advanced Metal Variant 123,Metal (aluminium),72.5,,,,,,,2.4,1.0,56.9,32.0,,
300,Advanced Bio-based Variant 124,Bio-based (microbial),54.4,,,,,,,2.1,1.0,69.4,30.0,,
301,Advanced Bio-based polyester Variant 125,Bio-based polyester,68.8,,,,,,,4.6,3.0,102.3,2.0,,
302,Advanced Bio-based polymer Variant 126,Bio-based polymer (starch),44.1,,,,,,,2.3,1.0,92.7,81.0,,
303,Advanced Agro-waste composite Variant 127,Agro-waste composite,86.2,,,,,,,3.6,2.0,68.3,28.0,,
304,Advanced Fiber-based from agro-residues Variant 128,Fiber-based from agro-residues,15.4,,,,,,,3.7,4.0,99.9,62.0,,
305,Advanced Fiber-based Variant 129,Fiber-based (cellulosic),13.2,,,,,,,2.6,5.0,32.7,22.0,,
306,Advanced Recycled fiber composite Variant 130,Recycled fiber composite,12.3,,,,,,,4.4,1.0,47.6,16.0,,
307,Advanced Bio-based coated fiber Variant 131,Bio-based coated fiber,1.8,,,,,,,1.4,4.0,25.4,75.0,,
308,Advanced Natural fiber Variant 132,Natural fiber (coir),40.7,,,,,,,2.1,3.0,39.7,0.0,,
309,Advanced Bio-based protein Variant 133,Bio-based protein,34.5,,,,,,,2.7,1.0,90.8,74.0,,
310,Advanced Natural fiber Variant 134,Natural fiber (protein),69.2,,,,,,,1.3,4.0,92.4,30.0,,
311,Advanced Bio-based protein Variant 135,Bio-based protein,97.8,,,,,,,2.7,4.0,74.4,49.0,,
312,Advanced Recycled fiber composite Variant 136,Recycled fiber composite,66.7,,,,,,,4.7,5.0,97.3,73.0,,
313,Advanced Regenerated cellulose Variant 137,Regenerated cellulose,13.0,,,,,,,3.3,5.0,53.0,62.0,,
314,Advanced Bio-based protein Variant 138,Bio-based protein,30.0,,,,,,,2.5,5.0,104.4,98.0,,
315,Advanced Fiber-based from agro-residues Variant 139,Fiber-based from agro-residues,48.0,,,,,,,3.3,4.0,39.0,79.0,,
316,Advanced Fiber-based Variant 140,Fiber-based (cellulosic),2.3,,,,,,,2.1,3.0,24.8,34.0,,
317,Advanced Bio-based polymer films Variant 141,Bio-based polymer films,63.6,,,,,,,4.7,5.0,98.3,78.0,,
318,Advanced Natural fiber Variant 142,Natural fiber (animal),33.6,,,,,,,1.5,1.0,91.4,30.0,,
319,Advanced Regenerated cellulose Variant 143,Regenerated cellulose,69.0,,,,,,,2.5,1.0,101.4,87.0,,
320,Advanced Bio-based composite Variant 144,Bio-based composite,20.0,,,,,,,5.0,4.0,35.3,53.0,,
321,Advanced Regenerated cellulose Variant 145,Regenerated cellulose,37.8,,,,,,,3.0,4.0,31.0,11.0,,
322,Advanced Bio-based polymer Variant 146,Bio-based polymer (starch),26.2,,,,,,,3.1,5.0,39.1,14.0,,
323,Advanced Bio-based Variant 147,Bio-based (microbial),46.4,,,,,,,1.7,4.0,89.1,16.0,,
324,Advanced Agro-waste polymer Variant 148,Agro-waste polymer,0.0,,,,,,,2.9,4.0,71.9,90.0,,
325,Advanced Bio-based starch Variant 149,Bio-based starch,12.2,,,,,,,4.7,4.0,60.5,69.0,,
326,Advanced Bio-based polyesters Variant 150,Bio-based polyesters,39.5,,,,,,,4.7,3.0,63.2,91.0,,
327,Advanced Bio-based polyesters Variant 151,Bio-based polyesters,60.3,,,,,,,1.2,2.0,97.3,78.0,,
328,Advanced Lignocellulosic Variant 152,Lignocellulosic,44.3,,,,,,,4.6,3.0,61.6,12.0,,
329,Advanced Bio-based polymer Variant 153,Bio-based polymer,28.3,,,,,,,4.0,1.0,106.1,50.0,,
330,Advanced Bio-mineral composite Variant 154,Bio-mineral composite,47.3,,,,,,,1.5,2.0,66.9,88.0,,
331,Advanced Natural fiber Variant 155,Natural fiber (protein),27.0,,,,,,,2.7,1.0,86.3,94.0,,
332,Advanced Fiber-based Variant 156,Fiber-based (cellulosic),53.3,,,,,,,2.0,4.0,106.4,7.0,,
333,Advanced Bio-based Variant 157,Bio-based (microbial),93.7,,,,,,,2.6,4.0,68.9,64.0,,
334,Advanced Regenerated cellulose Variant 158,Regenerated cellulose,22.3,,,,,,,1.2,2.0,101.4,18.0,,
335,Advanced Lignocellulosic Variant 159,Lignocellulosic (palm),14.8,,,,,,,3.9,2.0,30.8,86.0,,
336,Advanced Fiber-based Variant 160,Fiber-based,53.8,,,,,,,4.2,1.0,31.1,20.0,,
337,Advanced Lignocellulosic Variant 161,Lignocellulosic (palm),57.2,,,,,,,4.4,1.0,20.9,6.0,,
338,Advanced Fiber-based from agro-residues Variant 162,Fiber-based from agro-residues,38.5,,,,,,,4.5,3.0,43.0,32.0,,
339,Advanced Bio-based protein mimic Variant 163,Bio-based protein mimic,28.3,,,,,,,4.6,3.0,48.6,22.0,,
340,Advanced Bio-based protein mimic Variant 164,Bio-based protein mimic,77.9,,,,,,,1.9,3.0,20.4,100.0,,
341,Advanced Regenerated cellulose Variant 165,Regenerated cellulose,47.9,,,,,,,1.1,5.0,91.7,8.0,,
342,Advanced Bio-based polymer Variant 166,Bio-based polymer (starch),31.5,,,,,,,3.8,4.0,22.0,35.0,,
343,Advanced Bio-based polyesters Variant 167,Bio-based polyesters,27.9,,,,,,,2.2,1.0,58.3,90.0,,
344,Advanced Recycled fossil plastic Variant 168,Recycled fossil plastic,35.7,,,,,,,2.5,3.0,103.8,79.0,,
345,Advanced Natural fiber Variant 169,Natural fiber (animal),79.7,,,,,,,3.4,4.0,80.9,32.0,,
346,Advanced Bio-based composite Variant 170,Bio-based composite,35.7,,,,,,,1.0,2.0,48.2,99.0,,
347,Advanced Bio-based composite Variant 171,Bio-based composite,61.9,,,,,,,2.2,1.0,98.3,14.0,,
348,Advanced Metal Variant 172,Metal (aluminium),19.2,,,,,,,3.1,4.0,62.5,73.0,,
349,Advanced Natural fiber Variant 173,Natural fiber (coir),1.8,,,,,,,3.5,1.0,52.4,67.0,,
350,Advanced Metal Variant 174,Metal (aluminium),64.6,,,,,,,2.9,2.0,61.9,70.0,,
351,Advanced Bio-based polysaccharide Variant 175,Bio-based polysaccharide,95.1,,,,,,,1.5,2.0,28.6,20.0,,
352,Advanced Agro-waste polymer Variant 176,Agro-waste polymer,1.9,,,,,,,1.3,3.0,73.7,11.0,,
353,Advanced Metal Variant 177,Metal (steel),42.2,,,,,,,1.1,3.0,27.7,13.0,,
354,Advanced Inorganic Variant 178,Inorganic (silicate),32.2,,,,,,,2.1,1.0,88.3,3.0,,
355,Advanced Regenerated cellulose Variant 179,Regenerated cellulose,24.1,,,,,,,1.9,5.0,54.3,75.0,,
356,Advanced Agro-waste particle Variant 180,Agro-waste particle,75.7,,,,,,,2.0,2.0,69.9,68.0,,
357,Advanced Lignocellulosic Variant 181,Lignocellulosic,43.1,,,,,,,3.8,4.0,66.7,62.0,,
358,Advanced Inorganic Variant 182,Inorganic (silicate),16.2,,,,,,,2.0,4.0,26.9,7.0,,
359,Advanced Bio-based composite Variant 183,Bio-based composite,46.0,,,,,,,1.5,2.0,48.3,95.0,,
360,Advanced Bio-based composite Variant 184,Bio-based composite,12.5,,,,,,,4.6,4.0,52.3,21.0,,
361,Advanced Bio-based starch Variant 185,Bio-based starch,17.7,,,,,,,4.2,3.0,100.5,84.0,,
362,Advanced Agro-waste particle Variant 186,Agro-waste particle,24.1,,,,,,,1.8,2.0,52.1,67.0,,
363,Advanced Metal Variant 187,Metal (aluminium),53.6,,,,,,,4.6,1.0,44.5,72.0,,
364,Advanced Fiber-based from agro-residues Variant 188,Fiber-based from agro-residues,55.6,,,,,,,4.2,5.0,63.6,43.0,,
365,Advanced Agro-waste composite Variant 189,Agro-waste composite,9.7,,,,,,,1.6,2.0,59.0,45.0,,
366,Advanced Natural fiber Variant 190,Natural fiber (protein),3.4,,,,,,,1.3,5.0,29.3,77.0,,
367,Advanced Bio-based Variant 191,Bio-based (microbial),30.2,,,,,,,4.4,1.0,99.1,9.0,,
368,Advanced Regenerated cellulose Variant 192,Regenerated cellulose,86.7,,,,,,,4.8,1.0,55.1,53.0,,
369,Advanced Bio-based polymer films Variant 193,Bio-based polymer films,73.7,,,,,,,3.2,2.0,33.4,40.0,,
370,Advanced Bio-based coated fiber Variant 194,Bio-based coated fiber,74.5,,,,,,,1.6,2.0,106.2,3.0,,
371,Advanced Bio-based Variant 195,Bio-based (algae),68.4,,,,,,,2.8,5.0,52.5,91.0,,
372,Advanced Agro-waste composite Variant 196,Agro-waste composite,49.9,,,,,,,4.8,1.0,71.8,28.0,,
373,Advanced Bio-based polysaccharide Variant 197,Bio-based polysaccharide,79.3,,,,,,,2.1,1.0,64.4,66.0,,
374,Advanced Bio-based polyester Variant 198,Bio-based polyester,20.6,,,,,,,2.9,1.0,57.8,34.0,,
375,Advanced Natural fiber Variant 199,Natural fiber,17.1,,,,,,,2.6,4.0,63.6,92.0,,
376,Advanced Fiber-based Variant 200,Fiber-based,50.6,,,,,,,2.1,3.0,25.7,99.0,,
377,High-Grade Agro-waste fiber Variant 109,Agro-waste fiber,91.6,,,,,,,2.0,3.0,87.9,65.0,,
378,High-Grade Natural fiber Variant 110,Natural fiber,90.8,,,,,,,3.8,4.0,88.8,56.0,,
379,High-Grade Bio-based protein mimic Variant 111,Bio-based protein mimic,84.9,,,,,,,5.0,5.0,87.9,21.0,,
380,High-Grade Bio-based polyesters Variant 112,Bio-based polyesters,88.5,,,,,,,2.9,2.0,73.7,24.0,,
381,High-Grade Bio-based polyester Variant 113,Bio-based polyester,64.0,,,,,,,3.1,3.0,65.6,39.0,,
382,High-Grade Metal (steel) Variant 114,Metal (steel),0.0,,,,,,,4.9,4.0,62.0,99.0,,
383,High-Grade Fiber-based from agro-residues Variant 115,Fiber-based from agro-residues,90.8,,,,,,,2.9,3.0,78.4,46.0,,
384,High-Grade Agro-waste particle Variant 116,Agro-waste particle,86.4,,,,,,,3.2,5.0,91.9,53.0,,
385,High-Grade Regenerated cellulose Variant 117,Regenerated cellulose,97.7,,,,,,,2.2,3.0,78.4,43.0,,
386,High-Grade Lignocellulosic (palm) Variant 118,Lignocellulosic (palm),93.7,,,,,,,2.9,1.0,93.2,30.0,,
387,High-Grade Fiber-based Variant 119,Fiber-based,92.6,,,,,,,1.9,3.0,73.2,75.0,,
388,High-Grade Bio-based protein mimic Variant 120,Bio-based protein mimic,81.6,,,,,,,5.0,5.0,91.8,48.0,,
389,High-Grade Fiber-based Variant 121,Fiber-based,85.8,,,,,,,3.1,4.0,82.4,51.0,,
390,High-Grade Bio-based polyester Variant 122,Bio-based polyester,83.8,,,,,,,4.1,3.0,85.0,54.0,,
391,High-Grade Regenerated cellulose Variant 123,Regenerated cellulose,93.3,,,,,,,2.0,3.0,81.2,38.0,,
392,High-Grade Fiber-based (cellulosic) Variant 124,Fiber-based (cellulosic),94.8,,,,,,,2.9,3.0,80.8,69.0,,
393,High-Grade Bio-based polymer (starch) Variant 125,Bio-based polymer (starch),96.0,,,,,,,1.5,2.0,88.2,43.0,,
394,High-Grade Metal (aluminium) Variant 126,Metal (aluminium),0.0,,,,,,,5.0,4.0,56.7,100.0,,
395,High-Grade Bio-based starch Variant 127,Bio-based starch,83.0,,,,,,,3.0,3.0,69.2,41.0,,
396,High-Grade Inorganic (silicate) Variant 128,Inorganic (silicate),0.6,,,,,,,3.9,2.0,43.7,90.0,,
397,High-Grade Bio-based polysaccharide Variant 129,Bio-based polysaccharide,82.3,,,,,,,1.9,3.0,85.7,30.0,,
398,High-Grade Bio-based polymer Variant 130,Bio-based polymer,88.5,,,,,,,2.9,4.0,88.9,37.0,,
399,High-Grade Bio-based starch Variant 131,Bio-based starch,99.8,,,,,,,2.2,2.0,68.4,20.0,,
400,High-Grade Lignocellulosic (wood-like) Variant 132,Lignocellulosic (wood-like),91.1,,,,,,,3.8,5.0,94.4,47.0,,
401,High-Grade Lignocellulosic Variant 133,Lignocellulosic,83.6,,,,,,,2.8,3.0,79.6,61.0,,
402,High-Grade Lignocellulosic (palm) Variant 134,Lignocellulosic (palm),97.2,,,,,,,2.8,2.0,94.2,27.0,,
403,High-Grade Metal (steel) Variant 135,Metal (steel),3.5,,,,,,,5.0,5.0,64.8,83.0,,
404,High-Grade Agro-waste fiber Variant 136,Agro-waste fiber,90.9,,,,,,,3.0,4.0,80.9,70.0,,
405,High-Grade Fiber-based Variant 137,Fiber-based,85.7,,,,,,,3.1,3.0,86.6,74.0,,
406,High-Grade Regenerated cellulose Variant 138,Regenerated cellulose,96.8,,,,,,,2.2,3.0,86.6,51.0,,
407,High-Grade Bio-based coated fiber Variant 139,Bio-based coated fiber,89.1,,,,,,,2.3,3.0,85.3,39.0,,
408,High-Grade Agro-waste composite Variant 140,Agro-waste composite,93.9,,,,,,,2.7,2.0,89.8,58.0,,
409,High-Grade Bio-based polyester Variant 141,Bio-based polyester,94.0,,,,,,,3.1,4.0,83.2,15.0,,
410,High-Grade Agro-waste particle Variant 142,Agro-waste particle,89.9,,,,,,,3.0,4.0,82.1,52.0,,
411,High-Grade Fiber-based from agro-residues Variant 143,Fiber-based from agro-residues,97.7,,,,,,,2.9,4.0,86.1,51.0,,
412,High-Grade Bio-based (algae) Variant 144,Bio-based (algae),88.6,,,,,,,3.1,3.0,94.1,37.0,,
413,High-Grade Bio-based polyesters Variant 145,Bio-based polyesters,82.7,,,,,,,2.7,4.0,75.8,32.0,,
414,High-Grade Fiber-based (cellulosic) Variant 146,Fiber-based (cellulosic),83.7,,,,,,,3.0,2.0,73.3,85.0,,
415,High-Grade Bio-based protein Variant 147,Bio-based protein,86.9,,,,,,,2.0,3.0,89.9,23.0,,
416,High-Grade Natural fiber (animal) Variant 148,Natural fiber (animal),88.7,,,,,,,2.9,2.0,85.3,67.0,,
417,High-Grade Bio-based protein mimic Variant 149,Bio-based protein mimic,86.8,,,,,,,4.9,3.0,87.7,46.0,,
418,High-Grade Agro-waste composite Variant 150,Agro-waste composite,87.4,,,,,,,3.2,2.0,90.1,25.0,,
419,High-Grade Lignocellulosic (palm) Variant 151,Lignocellulosic (palm),95.7,,,,,,,2.7,3.0,85.9,22.0,,
420,High-Grade Bio-based composite Variant 152,Bio-based composite,79.1,,,,,,,3.2,3.0,87.5,35.0,,
421,High-Grade Agro-waste polymer Variant 153,Agro-waste polymer,79.8,,,,,,,2.1,2.0,82.2,31.0,,
422,High-Grade Recycled fiber composite Variant 154,Recycled fiber composite,79.6,,,,,,,2.6,5.0,75.4,68.0,,
423,High-Grade Lignocellulosic (palm) Variant 155,Lignocellulosic (palm),94.3,,,,,,,3.4,2.0,84.7,5.0,,
424,High-Grade Bio-based polymer Variant 156,Bio-based polymer,89.8,,,,,,,2.2,2.0,90.1,49.0,,
425,High-Grade Bio-based polysaccharide Variant 157,Bio-based polysaccharide,93.7,,,,,,,2.3,1.0,97.1,16.0,,
426,High-Grade Agro-waste fiber Variant 158,Agro-waste fiber,90.7,,,,,,,2.9,4.0,87.2,40.0,,
427,High-Grade Bio-mineral composite Variant 159,Bio-mineral composite,84.5,,,,,,,3.7,3.0,82.2,78.0,,
428,High-Grade Bio-based polymer (starch) Variant 160,Bio-based polymer (starch),91.1,,,,,,,2.1,2.0,84.3,32.0,,
429,High-Grade Agro-waste polymer Variant 161,Agro-waste polymer,83.4,,,,,,,2.3,1.0,83.7,37.0,,
430,High-Grade Natural fiber (coir) Variant 162,Natural fiber (coir),94.7,,,,,,,2.8,3.0,86.8,35.0,,
431,High-Grade Fiber-based from agro-residues Variant 163,Fiber-based from agro-residues,92.6,,,,,,,3.2,4.0,87.2,62.0,,
432,High-Grade Bio-mineral composite Variant 164,Bio-mineral composite,82.0,,,,,,,4.1,4.0,96.0,57.0,,
433,High-Grade Natural fiber (protein) Variant 165,Natural fiber (protein),91.5,,,,,,,2.8,3.0,81.0,53.0,,
434,High-Grade Recycled fossil plastic Variant 166,Recycled fossil plastic,2.1,,,,,,,4.2,5.0,49.1,64.0,,
435,High-Grade Agro-waste composite Variant 167,Agro-waste composite,96.5,,,,,,,3.0,4.0,85.5,43.0,,
436,High-Grade Metal (steel) Variant 168,Metal (steel),0.0,,,,,,,4.7,4.0,62.4,100.0,,
437,High-Grade Bio-based (algae) Variant 169,Bio-based (algae),87.6,,,,,,,2.8,2.0,98.1,33.0,,
438,High-Grade Bio-based coated fiber Variant 170,Bio-based coated fiber,90.4,,,,,,,1.8,1.0,68.3,44.0,,
439,High-Grade Agro-waste particle Variant 171,Agro-waste particle,94.2,,,,,,,2.3,3.0,85.7,54.0,,
440,High-Grade Agro-waste particle Variant 172,Agro-waste particle,83.5,,,,,,,2.2,2.0,86.2,56.0,,
441,High-Grade Bio-based (algae) Variant 173,Bio-based (algae),96.4,,,,,,,3.1,2.0,90.9,30.0,,
442,High-Grade Bio-based protein Variant 174,Bio-based protein,91.9,,,,,,,2.9,4.0,91.9,46.0,,
443,High-Grade Metal (aluminium) Variant 175,Metal (aluminium),0.0,,,,,,,5.0,5.0,53.1,85.0,,
444,High-Grade Inorganic (silicate) Variant 176,Inorganic (silicate),4.9,,,,,,,4.0,2.0,51.6,81.0,,
445,High-Grade Bio-based (microbial) Variant 177,Bio-based (microbial),90.9,,,,,,,4.0,2.0,92.1,23.0,,
446,High-Grade Bio-based polymer films Variant 178,Bio-based polymer films,99.1,,,,,,,1.8,2.0,93.2,37.0,,
447,High-Grade Agro-waste polymer Variant 179,Agro-waste polymer,77.4,,,,,,,2.4,2.0,91.3,16.0,,
448,High-Grade Bio-based (microbial) Variant 180,Bio-based (microbial),95.1,,,,,,,4.1,4.0,83.1,13.0,,
449,High-Grade Bio-based polymer Variant 181,Bio-based polymer,82.3,,,,,,,2.9,4.0,86.2,53.0,,
450,High-Grade Bio-based polymer (starch) Variant 182,Bio-based polymer (starch),90.6,,,,,,,1.7,2.0,86.7,12.0,,
451,High-Grade Bio-based polymer Variant 183,Bio-based polymer,98.7,,,,,,,1.9,3.0,85.8,33.0,,
452,High-Grade Bio-based composite Variant 184,Bio-based composite,83.9,,,,,,,3.0,3.0,81.8,22.0,,
453,High-Grade Metal (aluminium) Variant 185,Metal (aluminium),0.0,,,,,,,5.0,5.0,56.3,90.0,,
454,High-Grade Fiber-based (cellulosic) Variant 186,Fiber-based (cellulosic),88.6,,,,,,,2.7,3.0,59.0,93.0,,
455,High-Grade Metal (aluminium) Variant 187,Metal (aluminium),0.0,,,,,,,5.0,5.0,42.8,86.0,,
456,High-Grade Bio-based polysaccharide Variant 188,Bio-based polysaccharide,92.4,,,,,,,2.0,1.0,88.6,26.0,,
457,High-Grade Natural fiber (protein) Variant 189,Natural fiber (protein),78.4,,,,,,,3.1,4.0,92.9,20.0,,
458,High-Grade Lignocellulosic Variant 190,Lignocellulosic,80.5,,,,,,,2.0,3.0,82.6,44.0,,
459,High-Grade Agro-waste polymer Variant 191,Agro-waste polymer,83.6,,,,,,,1.9,3.0,81.8,27.0,,
460,High-Grade Lignocellulosic (wood-like) Variant 192,Lignocellulosic (wood-like),87.5,,,,,,,4.0,5.0,88.8,65.0,,
461,High-Grade Bio-based polyester Variant 193,Bio-based polyester,91.8,,,,,,,3.9,3.0,81.7,30.0,,
462,High-Grade Agro-waste fiber Variant 194,Agro-waste fiber,90.9,,,,,,,3.3,3.0,80.4,76.0,,
463,High-Grade Bio-based polymer (starch) Variant 195,Bio-based polymer (starch),94.3,,,,,,,1.9,3.0,84.9,22.0,,
464,High-Grade Natural fiber (coir) Variant 196,Natural fiber (coir),88.4,,,,,,,3.0,4.0,80.7,50.0,,
465,High-Grade Bio-mineral composite Variant 197,Bio-mineral composite,91.0,,,,,,,4.0,4.0,85.0,74.0,,
466,High-Grade Bio-based composite Variant 198,Bio-based composite,98.2,,,,,,,3.2,2.0,94.4,16.0,,
467,High-Grade Recycled fossil plastic Variant 199,Recycled fossil plastic,5.0,,,,,,,3.7,3.0,52.2,55.0,,
468,High-Grade Bio-based polyesters Variant 200,Bio-based polyesters,94.2,,,,,,,2.9,4.0,74.0,22.0,,
469,High-Grade Lignocellulosic Variant 201,Lignocellulosic,94.5,,,,,,,2.1,2.0,94.0,56.0,,
470,High-Grade Metal (aluminium) Variant 202,Metal (aluminium),0.0,,,,,,,5.0,4.0,55.5,85.0,,
471,High-Grade Bio-based polymer (starch) Variant 203,Bio-based polymer (starch),90.3,,,,,,,2.1,2.0,89.4,38.0,,
472,High-Grade Bio-based (microbial) Variant 204,Bio-based (microbial),98.3,,,,,,,3.4,3.0,96.5,26.0,,
473,High-Grade Metal (steel) Variant 205,Metal (steel),6.8,,,,,,,5.0,4.0,61.7,86.0,,
474,High-Grade Bio-based polyester Variant 206,Bio-based polyester,68.3,,,,,,,3.1,3.0,60.0,33.0,,
475,High-Grade Lignocellulosic Variant 207,Lignocellulosic,90.9,,,,,,,2.0,1.0,89.1,54.0,,
476,High-Grade Bio-mineral composite Variant 208,Bio-mineral composite,80.8,,,,,,,3.9,4.0,81.6,56.0,,
477,High-Grade Recycled fiber composite Variant 209,Recycled fiber composite,81.4,,,,,,,3.1,4.0,75.2,69.0,,
478,High-Grade Bio-based polysaccharide Variant 210,Bio-based polysaccharide,93.8,,,,,,,3.2,3.0,83.0,30.0,,
479,High-Grade Bio-based composite Variant 211,Bio-based composite,87.0,,,,,,,3.0,4.0,88.7,14.0,,
480,High-Grade Lignocellulosic (wood-like) Variant 212,Lignocellulosic (wood-like),81.3,,,,,,,3.9,5.0,92.6,68.0,,
481,High-Grade Inorganic (silicate) Variant 213,Inorganic (silicate),3.8,,,,,,,4.1,3.0,46.2,73.0,,
482,High-Grade Lignocellulosic Variant 214,Lignocellulosic,85.7,,,,,,,4.1,4.0,91.2,52.0,,
483,High-Grade Bio-based polysaccharide Variant 215,Bio-based polysaccharide,93.8,,,,,,,1.7,2.0,86.5,36.0,,
484,High-Grade Agro-waste polymer Variant 216,Agro-waste polymer,77.4,,,,,,,1.9,2.0,84.6,40.0,,
485,High-Grade Metal (aluminium) Variant 217,Metal (aluminium),0.0,,,,,,,4.9,4.0,53.2,96.0,,
486,High-Grade Bio-based polyesters Variant 218,Bio-based polyesters,79.8,,,,,,,3.1,3.0,80.3,24.0,,
487,High-Grade Lignocellulosic (palm) Variant 219,Lignocellulosic (palm),100.0,,,,,,,2.9,2.0,86.5,11.0,,
488,High-Grade Bio-based (algae) Variant 220,Bio-based (algae),98.6,,,,,,,3.3,4.0,91.3,26.0,,
489,High-Grade Bio-based coated fiber Variant 221,Bio-based coated fiber,86.6,,,,,,,1.7,3.0,82.1,59.0,,
490,High-Grade Bio-based polyesters Variant 222,Bio-based polyesters,86.0,,,,,,,3.0,3.0,74.1,20.0,,
491,High-Grade Bio-based coated fiber Variant 223,Bio-based coated fiber,90.0,,,,,,,2.1,3.0,77.7,52.0,,
492,High-Grade Bio-based polymer (starch) Variant 224,Bio-based polymer (starch),98.1,,,,,,,2.1,4.0,86.7,50.0,,
493,High-Grade Bio-based protein mimic Variant 225,Bio-based protein mimic,78.6,,,,,,,5.0,5.0,76.8,32.0,,
494,High-Grade Natural fiber (protein) Variant 226,Natural fiber (protein),80.4,,,,,,,3.1,3.0,82.6,49.0,,
495,High-Grade Lignocellulosic (palm) Variant 227,Lignocellulosic (palm),92.0,,,,,,,2.8,2.0,99.1,44.0,,
496,High-Grade Fiber-based (cellulosic) Variant 228,Fiber-based (cellulosic),82.0,,,,,,,3.2,3.0,67.4,77.0,,
497,High-Grade Bio-based starch Variant 229,Bio-based starch,100.0,,,,,,,1.8,4.0,78.1,6.0,,
498,High-Grade Bio-based protein mimic Variant 230,Bio-based protein mimic,89.1,,,,,,,5.0,5.0,87.8,47.0,,
499,High-Grade Bio-based coated fiber Variant 231,Bio-based coated fiber,74.4,,,,,,,2.4,3.0,77.1,45.0,,
500,High-Grade Bio-based composite Variant 232,Bio-based composite,89.1,,,,,,,1.7,2.0,78.3,31.0,,
501,High-Grade Natural fiber (animal) Variant 233,Natural fiber (animal),86.8,,,,,,,3.3,3.0,69.0,74.0,,
502,High-Grade Bio-based (microbial) Variant 234,Bio-based (microbial),93.4,,,,,,,3.8,3.0,89.4,12.0,,
503,High-Grade Natural fiber Variant 235,Natural fiber,87.1,,,,,,,3.7,3.0,87.8,75.0,,
504,High-Grade Bio-based protein Variant 236,Bio-based protein,89.6,,,,,,,2.0,1.0,100.4,22.0,,
505,High-Grade Natural fiber (protein) Variant 237,Natural fiber (protein),76.5,,,,,,,3.0,3.0,85.0,28.0,,
506,High-Grade Natural fiber (protein) Variant 238,Natural fiber (protein),87.1,,,,,,,3.0,2.0,81.6,29.0,,
507,High-Grade Bio-based polymer (starch) Variant 239,Bio-based polymer (starch),95.9,,,,,,,1.9,3.0,89.8,35.0,,
508,High-Grade Agro-waste composite Variant 240,Agro-waste composite,75.7,,,,,,,3.2,4.0,79.6,67.0,,
509,High-Grade Lignocellulosic (palm) Variant 241,Lignocellulosic (palm),98.5,,,,,,,2.9,1.0,89.1,17.0,,
510,High-Grade Bio-based protein Variant 242,Bio-based protein,84.8,,,,,,,3.3,4.0,88.8,25.0,,
511,High-Grade Recycled fossil plastic Variant 243,Recycled fossil plastic,0.0,,,,,,,3.9,5.0,46.9,47.0,,
512,High-Grade Bio-based coated fiber Variant 244,Bio-based coated fiber,81.6,,,,,,,1.9,3.0,82.6,51.0,,
513,High-Grade Fiber-based from agro-residues Variant 245,Fiber-based from agro-residues,81.6,,,,,,,3.1,2.0,85.3,48.0,,
514,High-Grade Bio-based starch Variant 246,Bio-based starch,96.2,,,,,,,2.2,3.0,87.5,32.0,,
515,High-Grade Agro-waste composite Variant 247,Agro-waste composite,89.6,,,,,,,3.1,4.0,86.7,62.0,,
516,High-Grade Agro-waste particle Variant 248,Agro-waste particle,81.4,,,,,,,1.8,4.0,84.6,59.0,,
517,High-Grade Fiber-based Variant 249,Fiber-based,85.4,,,,,,,1.5,2.0,63.7,82.0,,
518,High-Grade Metal (aluminium) Variant 250,Metal (aluminium),5.0,,,,,,,4.7,5.0,55.4,73.0,,
519,Glass,Inorganic,2.576539859,,,,,,,3.900868281,3.145959347,1.57799012,29.72686041,,
520,Polyethylene (PE),Plastic,0.1494850542,,,,,,,2.882048328,3.918098402,3.48913859,6.795878866,,
521,Glass,Inorganic,0.8887185683,,,,,,,3.911066683,2.937721842,1.532979221,34.19523081,,
522,Steel/Tinplate,Metal,0.0,,,,,,,5.0,5.0,3.033656481,73.7728025,,
523,Molded Pulp,Cellulosic,96.19277788,,,,,,,1.91696325,1.935121916,0.8276069294,69.17404544,,
524,Polyethylene (PE),Plastic,0.0,,,,,,,3.136150538,4.079872125,3.431751547,10.7504695,,
525,Glass,Inorganic,0.0,,,,,,,3.987555343,2.930557986,1.413848212,27.5604905,,
526,Polyethylene (PE),Plastic,1.440606416,,,,,,,3.082616107,4.153694107,3.482469336,11.82281919,,
527,Virgin Cardboard,Cellulosic,86.61380987,,,,,,,2.85278913,2.933308363,1.141636155,93.4633762,,
528,Seaweed Bio-film,Bio-polymer,100.0,,,,,,,1.161440883,1.023887722,0.3435658746,0.0,,
529,Molded Pulp,Cellulosic,98.57761409,,,,,,,2.148710278,1.943795806,0.7206540535,70.76174757,,
530,Mycelium Packaging,Bio-composite,96.19531945,,,,,,,3.00005077,2.836367752,0.4602162139,0.0,,
531,Virgin Cardboard,Cellulosic,94.506821,,,,,,,3.127035682,2.829998255,1.224136516,93.36686883,,
532,Aluminium,Metal,0.0,,,,,,,4.897449965,5.0,9.073392966,45.69208908,,
533,Polyethylene (PE),Plastic,3.954469979,,,,,,,2.805529242,3.976124158,3.56524995,6.903067512,,
534,Virgin Cardboard,Cellulosic,87.5306012,,,,,,,2.905533289,3.114102638,1.210252294,88.0923704,,
535,Mycelium Packaging,Bio-composite,99.6113906,,,,,,,3.003298025,3.008597069,0.5963104246,0.0,,
536,Molded Pulp,Cellulosic,96.26247214,,,,,,,1.971589551,1.969254069,0.7291852877,69.20812648,,
537,Polyethylene (PE),Plastic,0.5464719505,,,,,,,2.9405427,4.144972557,3.589326515,10.05040929,,
538,Polyethylene (PE),Plastic,0.0,,,,,,,2.983966236,4.079302307,3.559462369,11.6499148,,
539,Mycelium Packaging,Bio-composite,100.0,,,,,,,3.107039426,3.034000805,0.5712383174,0.08526316116,,
540,Virgin Cardboard,Cellulosic,93.78618565,,,,,,,2.927913326,3.098676798,1.281374425,87.90533564,,
541,Polyethylene (PE),Plastic,0.4104451631,,,,,,,2.877642375,3.887522175,3.42445766,10.49925275,,
542,PLA Bioplastic,Polyester,74.25749189,,,,,,,3.151150656,3.863987735,1.873149935,28.74365747,,
543,PLA Bioplastic,Polyester,67.86621576,,,,,,,3.198739789,4.11713607,1.831426626,30.27560055,,
544,Glass,Inorganic,0.0,,,,,,,3.824963637,3.186354634,1.470292874,27.03645256,,
545,Glass,Inorganic,4.628291849,,,,,,,3.852306286,2.810798454,1.445961188,28.12163155,,
546,Recycled Cardboard,Cellulosic,94.48246176,,,,,,,3.006877896,2.963888066,0.9780355911,98.16104135,,
547,Aluminium,Metal,0.0,,,,,,,5.0,4.940217453,8.993588945,51.6144529,,
548,Polyethylene (PE),Plastic,0.0,,,,,,,3.011168078,4.116595146,3.50858731,4.30276867,,
549,Steel/Tinplate,Metal,1.440507987,,,,,,,5.0,4.930118067,2.946824099,72.8663409,,
550,Aluminium,Metal,1.477121068,,,,,,,4.993637439,5.0,8.924960911,51.04114991,,
551,Polyethylene (PE),Plastic,0.2600694585,,,,,,,2.991160341,3.824427849,3.42414744,6.115443715,,
552,Aluminium,Metal,0.0,,,,,,,4.890621047,4.832710622,8.936685525,53.43129,,
553,Aluminium,Metal,4.596751991,,,,,,,5.0,5.0,8.918695141,48.94217642,,
554,Steel/Tinplate,Metal,4.602258352,,,,,,,5.0,4.953420643,3.073366544,75.64334935,,
555,Virgin Cardboard,Cellulosic,89.7962952,,,,,,,2.886259268,2.991842584,1.100605212,86.35072582,,
556,Virgin Cardboard,Cellulosic,92.41749503,,,,,,,2.935894044,3.194413036,1.288422825,89.01004429,,
557,Virgin Cardboard,Cellulosic,86.8060141,,,,,,,2.986507618,2.894628031,1.244965301,91.94194902,,
558,Virgin Cardboard,Cellulosic,93.43773408,,,,,,,3.160533905,3.047565233,1.151808704,94.08193428,,
559,Mycelium Packaging,Bio-composite,98.1299722,,,,,,,2.878020356,2.833001329,0.4514871336,0.0,,
560,Recycled Cardboard,Cellulosic,90.90755276,,,,,,,3.010686616,2.968118437,1.074320791,91.0731775,,
561,Mycelium Packaging,Bio-composite,100.0,,,,,,,3.161883266,2.900146107,0.5863735473,0.0,,
562,Mycelium Packaging,Bio-composite,100.0,,,,,,,3.112417781,3.183484564,0.5928084742,0.719778306,,
563,Virgin Cardboard,Cellulosic,90.19829629,,,,,,,3.007661532,2.959994435,1.113220773,88.74196419,,
564,Virgin Cardboard,Cellulosic,87.3082099,,,,,,,2.818920745,3.001964575,1.165571489,86.13111356,,
565,PLA Bioplastic,Polyester,74.39515032,,,,,,,3.163002435,3.99483505,1.760868037,33.52269693,,
566,Glass,Inorganic,0.0,,,,,,,3.826236988,3.019268864,1.595643292,28.28941074,,
567,PLA Bioplastic,Polyester,74.82611648,,,,,,,2.944113357,3.967657416,1.808094052,33.53622922,,
568,Seaweed Bio-film,Bio-polymer,100.0,,,,,,,1.136660864,1.0,0.239076595,0.0,,
569,Seaweed Bio-film,Bio-polymer,100.0,,,,,,,1.0,1.0,0.2819020293,0.0,,
570,Recycled Cardboard,Cellulosic,92.13544389,,,,,,,2.843643584,2.952670212,1.054843536,93.136057,,
571,Steel/Tinplate,Metal,0.0,,,,,,,4.914140143,5.0,2.941873016,70.5117038,,
572,Mycelium Packaging,Bio-composite,100.0,,,,,,,3.173803857,2.859352567,0.4931153449,1.431540724,,
573,Molded Pulp,Cellulosic,99.80344308,,,,,,,1.856861222,2.182074438,0.7227832806,67.97365449,,
574,Molded Pulp,Cellulosic,97.37572309,,,,,,,1.893519604,1.95660135,0.7657471013,66.02499712,,
575,Seaweed Bio-film,Bio-polymer,96.30246544,,,,,,,1.148446219,1.142747648,0.2230051494,3.332142242,,
576,Seaweed Bio-film,Bio-polymer,100.0,,,,,,,1.1641012,1.0,0.3905306731,0.0,,
577,Recycled Cardboard,Cellulosic,93.47070533,,,,,,,3.184201323,2.890714972,1.013654963,100.0,,
578,Molded Pulp,Cellulosic,99.9065179,,,,,,,1.964821873,2.020406997,0.7512132014,72.46132661,,
579,Mycelium Packaging,Bio-composite,100.0,,,,,,,3.173790159,2.82953343,0.5170553938,0.0,,
580,Aluminium,Metal,0.0,,,,,,,5.0,4.869111795,8.902305825,52.17684011,,
581,Molded Pulp,Cellulosic,90.02485315,,,,,,,2.159481865,2.179192505,0.7800251619,73.1066572,,
582,Mycelium Packaging,Bio-composite,98.85970153,,,,,,,2.973249718,2.86439575,0.4063362153,0.9223598634,,
583,Glass,Inorganic,0.0,,,,,,,4.048471634,2.964699206,1.488045351,28.89159223,,
584,Steel/Tinplate,Metal,4.856231159,,,,,,,5.0,5.0,2.97687657,73.73664267,,
585,Virgin Cardboard,Cellulosic,89.52065122,,,,,,,2.864728562,3.059679997,1.105898367,93.56807868,,
586,Glass,Inorganic,3.072046337,,,,,,,3.828636439,2.862580071,1.576609714,26.12791428,,
587,Steel/Tinplate,Metal,1.572952974,,,,,,,5.0,4.800824584,2.941466184,70.4237053,,
588,PLA Bioplastic,Polyester,67.27166309,,,,,,,2.82393472,4.010853507,1.85537298,26.2041517,,
589,Steel/Tinplate,Metal,0.0,,,,,,,4.897867054,4.937463464,3.077929102,75.93984658,,
590,Molded Pulp,Cellulosic,97.99280779,,,,,,,2.071958568,2.01049582,0.7577950719,69.06248137,,
591,Virgin Cardboard,Cellulosic,90.31318887,,,,,,,2.827389959,3.182674855,1.249565186,91.18896891,,
592,Virgin Cardboard,Cellulosic,87.59942097,,,,,,,3.122256128,3.029381953,1.24473091,87.97683551,,
593,Steel/Tinplate,Metal,0.0,,,,,,,5.0,4.931872405,3.08884444,76.41997997,,
594,Glass,Inorganic,0.0,,,,,,,4.101841882,2.851133247,1.458894182,26.94879535,,
595,Virgin Cardboard,Cellulosic,85.40788583,,,,,,,2.985206748,3.177603335,1.142152755,94.21331691,,
596,PLA Bioplastic,Polyester,70.96535352,,,,,,,2.843401134,4.124921888,1.85475663,30.91238649,,
597,PLA Bioplastic,Polyester,73.50251228,,,,,,,3.086406408,3.997536569,1.725955795,27.33262629,,
598,Mycelium Packaging,Bio-composite,99.26278059,,,,,,,3.186400049,2.870763282,0.5721873365,0.0,,
599,Aluminium,Metal,3.203988152,,,,,,,5.0,5.0,8.96091784,47.57578085,,
600,Polyethylene (PE),Plastic,1.160167176,,,,,,,2.947332191,4.002530445,3.579010452,6.019323988,,
601,PLA Bioplastic,Polyester,70.82841694,,,,,,,3.024473279,4.004756819,1.809043064,27.7284861,,
602,Steel/Tinplate,Metal,2.263635567,,,,,,,4.811166729,5.0,2.994348821,77.13648796,,
603,Seaweed Bio-film,Bio-polymer,100.0,,,,,,,1.174919446,1.193001082,0.3386614158,1.249492033,,
604,Glass,Inorganic,0.0,,,,,,,4.131430834,2.806465048,1.454741205,26.44526185,,
605,Seaweed Bio-film,Bio-polymer,100.0,,,,,,,1.0,1.012108112,0.3914668375,4.667367141,,
606,Recycled Cardboard,Cellulosic,92.76970024,,,,,,,3.098991467,2.914101211,0.9097759851,100.0,,
607,Polyethylene (PE),Plastic,1.567969128,,,,,,,3.026818898,3.889525076,3.441714776,12.2180877,,
608,Molded Pulp,Cellulosic,92.07362605,,,,,,,2.092188799,1.963815193,0.8491304778,67.44632074,,
609,Virgin Cardboard,Cellulosic,86.13783916,,,,,,,2.882908132,3.084768521,1.233313112,86.8607919,,
610,Glass,Inorganic,0.8333705562,,,,,,,4.146191485,3.199898615,1.574101012,32.65728331,,
611,Aluminium,Metal,0.0,,,,,,,4.817453335,5.0,9.071814952,48.87907084,,
612,Glass,Inorganic,0.0,,,,,,,3.987075337,2.933396836,1.509096302,35.69266781,,
613,Mycelium Packaging,Bio-composite,100.0,,,,,,,3.159602091,3.171627221,0.5967301325,0.0,,
614,Molded Pulp,Cellulosic,97.93314087,,,,,,,1.84618759,1.814449157,0.8814930901,69.76391087,,
615,Aluminium,Metal,0.0,,,,,,,4.832037815,5.0,9.01772818,52.7675933,,
616,PLA Bioplastic,Polyester,67.13689222,,,,,,,3.190912338,3.92538747,1.735858124,28.09226981,,
617,Glass,Inorganic,0.2262635666,,,,,,,4.117721851,2.975506835,1.535178466,33.73385937,,
